"","weight","StateAbbr","age","votereg","askvote","party_ID","vote_method"
"1",0.225624910197905,"OH",57,1,5,2,2
"2",0.232198670504207,"OH",24,1,5,3,1
"3",0.108021634212665,"OH",50,1,5,1,2
"4",0.252429714692988,"OH",59,1,NA,NA,2
"5",1.95879264234531,"OH",35,1,5,1,2
"6",1.38273499258154,"OH",41,1,5,1,2
"7",0.064650720790054,"OH",45,1,5,1,1
"8",0.950987807293354,"OH",61,1,5,1,3
"9",0.796917800931692,"OH",57,1,5,2,2
"10",0.200959433670264,"OH",52,1,NA,NA,2
"11",0.980659418147418,"OH",53,1,5,1,2
"12",1.6849754018052,"OH",53,1,5,1,1
"13",0.212093220617098,"OH",83,1,5,1,3
"14",0.510652852642594,"OH",61,1,5,3,2
"15",0.717816673745242,"OH",60,1,5,1,1
"16",0.115909106807044,"OH",45,2,NA,NA,NA
"17",8.40101053546412,"OH",41,1,5,1,1
"18",0.859902544088585,"OH",30,1,5,3,2
"19",0.180201935990392,"OH",77,1,5,3,2
"20",1.25733167638621,"OH",73,1,5,3,2
"21",0.191993633111679,"OH",75,1,5,3,3
"22",0.811650111207424,"OH",61,1,5,1,1
"23",1.52982393036609,"OH",35,1,5,1,2
"24",0.589397277346433,"OH",79,1,5,2,3
"25",0.189365579715731,"OH",68,1,5,2,2
"26",0.762730667429305,"OH",73,1,5,3,1
"27",0.641514912932874,"OH",58,1,5,3,1
"28",0.890644941428989,"OH",70,1,5,1,2
"29",0.64652904296694,"OH",67,1,5,3,1
"30",0.562026768697336,"OH",59,1,4,1,1
"31",0.715371803484107,"OH",59,1,5,1,1
"32",0.265896253588818,"OH",69,1,5,1,2
"33",1.77068560015501,"OH",75,1,5,1,1
"34",0.322415838809334,"OH",75,1,3,NA,1
"35",0.629495076816916,"OH",70,1,5,1,3
"36",0.411256305672036,"OH",69,1,5,3,1
"37",0.286996119626652,"OH",54,1,NA,NA,3
"38",1.04174982387491,"OH",68,1,5,3,3
"39",0.398707426723864,"OH",59,1,5,3,2
"40",0.720687683969443,"OH",77,1,5,3,2
"41",0.206007271136738,"OH",92,1,5,1,3
"42",0.550641882264122,"OH",79,1,5,3,2
"43",0.237893204268154,"OH",59,1,5,2,1
"44",0.578643168718601,"OH",54,1,5,1,2
"45",0.310740790208858,"OH",74,1,5,1,3
"46",1.2000564139499,"OH",54,1,5,2,1
"47",2.43237817334213,"OH",56,1,5,1,1
"48",0.225976075851434,"OH",67,1,5,3,1
"49",0.622485970617735,"OH",67,1,5,1,3
"50",0.234779440285427,"OH",65,1,5,1,2
"51",0.394366991237347,"OH",93,1,5,3,3
"52",0.681914525871943,"OH",74,1,5,1,3
"53",0.425445776868495,"OH",58,1,NA,NA,1
"54",0.527212426764241,"OH",72,1,5,1,3
"55",1.1246238442869,"OH",59,1,5,3,3
"56",1.06028661367874,"OH",64,1,5,3,1
"57",0.665903646852359,"OH",68,1,5,3,1
"58",0.75654515694863,"OH",76,1,5,1,2
"59",0.401501190657656,"OH",71,1,5,3,2
"60",0.993416375830822,"OH",51,1,5,1,3
"61",0.355150189947017,"OH",72,1,5,3,2
"62",0.226381246435769,"OH",82,1,5,2,3
"63",0.420934204165872,"OH",77,1,5,1,3
"64",0.515527475358707,"OH",58,1,5,3,2
"65",0.643158951778124,"OH",81,1,5,1,1
"66",0.206007271136738,"OH",71,1,5,3,3
"67",0.668598271039616,"OH",69,1,5,3,2
"68",0.811650111207424,"OH",61,1,5,1,2
"69",0.595427461659562,"OH",59,1,5,2,2
"70",0.791490682954884,"OH",46,1,4,NA,2
"71",0.329076818642192,"OH",71,1,5,1,2
"72",0.114421068645349,"OH",67,1,5,1,2
"73",1.18330949215224,"OH",92,1,5,2,3
"74",0.0681967280762557,"OH",57,1,NA,NA,1
"75",1.25733167638621,"OH",78,1,5,3,3
"76",1.38317274542486,"OH",60,1,5,3,3
"77",0.393877639651826,"OH",63,1,5,1,1
"78",0.383050752187326,"OH",80,1,5,3,1
"79",0.823375431869422,"OH",65,1,5,1,1
"80",0.632379386449514,"OH",66,1,5,1,3
"81",0.826383895821681,"OH",58,1,4,4,1
"82",0.191993633111679,"OH",74,1,5,1,3
"83",2.32812193472243,"OH",24,1,5,3,2
"84",0.759322316809432,"OH",73,1,5,1,3
"85",0.775970300877097,"OH",53,1,5,1,2
"86",2.54923990124812,"OH",49,1,5,1,3
"87",0.101276740374247,"OH",74,3,1,NA,NA
"88",0.430440022641163,"OH",76,1,5,3,3
"89",0.356993737030726,"OH",82,1,5,1,3
"90",0.500564549517585,"OH",65,1,NA,NA,NA
"91",0.727162732310494,"OH",79,1,5,3,2
"92",1.15628135328029,"OH",86,1,5,1,3
"93",0.764829601923583,"OH",60,1,NA,NA,1
"94",1.5618012867235,"OH",55,1,5,1,1
"95",0.226381246435769,"OH",79,1,5,1,3
"96",0.446162480054557,"OH",85,1,5,3,3
"97",5.31695580153836,"OH",45,1,5,1,2
"98",0.10769300650552,"OH",70,1,5,2,2
"99",0.552825738459078,"OH",61,1,5,1,3
"100",0.272132586911361,"OH",75,1,5,2,2
"101",0.759322316809432,"OH",70,1,5,3,1
"102",0.387074063601443,"OH",73,1,5,1,1
"103",0.755573878536819,"OH",48,1,5,2,1
"104",0.383050752187326,"OH",71,1,5,3,3
"105",0.662469049348634,"OH",64,1,5,1,2
"106",0.369028453433304,"OH",84,1,5,2,NA
"107",0.447832789025526,"OH",75,1,5,1,3
"108",0.96460850339439,"OH",72,1,5,2,1
"109",0.191145140379481,"OH",75,1,NA,NA,3
"110",0.206007271136738,"OH",85,1,5,1,3
"111",0.387074063601443,"OH",82,1,5,3,3
"112",0.944550670771872,"OH",55,1,5,1,2
"113",0.427261728303512,"OH",76,1,5,3,3
"114",0.0938751995933017,"OH",77,1,5,1,3
"115",1.35411793640366,"OH",49,1,5,1,3
"116",1.18373889929148,"OH",44,1,5,1,3
"117",0.589397277346433,"OH",71,1,5,3,3
"118",0.822509343164864,"OH",73,1,5,1,2
"119",0.725655968382795,"OH",54,1,5,4,1
"120",0.966457869249166,"OH",45,1,5,1,3
"121",0.0514789696770857,"OH",67,1,5,3,1
"122",0.474538248487753,"OH",27,1,5,1,2
"123",1.71706190396151,"OH",71,1,5,3,3
"124",0.69393481868482,"OH",53,1,5,3,2
"125",0.46580490681188,"OH",57,1,5,2,3
"126",2.54851025441022,"OH",40,1,5,1,3
"127",0.242548187738264,"OH",70,1,5,3,2
"128",0.0793407545944127,"OH",64,1,NA,NA,2
"129",0.999806605631574,"OH",58,1,5,2,1
"130",0.191993633111679,"OH",72,1,5,1,3
"131",0.544839988213788,"OH",57,1,5,2,2
"132",0.840752614579707,"OH",71,1,5,1,3
"133",0.138104487160396,"OH",81,1,5,1,3
"134",0.615912851472839,"OH",72,1,5,1,2
"135",0.701911170391254,"OH",64,1,5,1,3
"136",0.300483511694429,"OH",75,1,NA,NA,3
"137",1.82903357628323,"OH",71,1,5,2,2
"138",0.349635714307234,"OH",64,1,5,2,2
"139",0.10769300650552,"OH",76,1,5,1,2
"140",0.251560393835326,"OH",85,1,5,3,3
"141",0.10769300650552,"OH",86,1,5,3,3
"142",0.191993633111679,"OH",80,1,5,3,3
"143",0.152829021525729,"OH",71,1,5,2,2
"144",0.38232724898899,"OH",72,2,NA,NA,NA
"145",0.342634942730088,"OH",70,1,5,3,2
"146",0.449148769214787,"OH",56,1,5,3,2
"147",0.93243329017955,"OH",67,1,5,2,2
"148",1.7939919678085,"OH",49,1,5,3,2
"149",1.05350982797048,"OH",51,1,5,3,1
"150",0.831057370788311,"OH",57,1,5,1,1
"151",0.272132586911361,"OH",73,1,5,3,2
"152",0.577661598011985,"OH",55,1,5,2,2
"153",0.605954234056036,"OH",62,1,5,1,2
"154",0.250261313817035,"OH",72,1,5,2,2
"155",0.105084811482792,"OH",75,1,5,3,2
"156",1.08174859961312,"OH",74,1,5,3,3
"157",0.700525083518647,"OH",44,1,5,1,1
"158",0.473296231834474,"OH",78,1,5,1,3
"159",1.63342834136169,"OH",55,1,5,1,2
"160",0.738953961662238,"OH",70,1,5,3,1
"161",0.335068207766878,"OH",70,1,5,3,2
"162",0.596495051189387,"OH",74,1,5,1,2
"163",0.101276740374247,"OH",77,1,NA,NA,3
"164",0.189365579715731,"OH",64,1,5,2,2
"165",0.632379386449514,"OH",69,1,5,1,3
"166",0.876517775118018,"OH",60,1,5,1,2
"167",2.01359243868933,"OH",45,1,NA,NA,3
"168",0.349635714307234,"OH",64,1,5,2,2
"169",0.308115167359672,"OH",74,1,5,1,2
"170",0.33403595238426,"OH",54,1,5,1,1
"171",1.02377416117943,"OH",54,1,5,1,1
"172",0.308115167359672,"OH",74,1,5,1,2
"173",0.212754997281561,"OH",55,1,5,3,3
"174",0.308115167359672,"OH",73,1,5,2,2
"175",0.376748951674884,"OH",70,1,5,2,2
"176",0.937445215961903,"OH",67,1,5,3,1
"177",1.52979570123869,"OH",55,1,5,3,3
"178",1.33227846939496,"OH",53,1,5,1,1
"179",0.494814389853799,"OH",65,1,5,3,3
"180",0.424972896804477,"OH",82,1,5,3,2
"181",1.62914229722831,"OH",67,1,5,3,2
"182",2.05975756854358,"OH",56,2,NA,NA,NA
"183",1.33154188226004,"OH",43,1,5,3,1
"184",0.254094795640099,"OH",80,1,5,3,1
"185",1.12846738323891,"OH",67,1,5,3,3
"186",0.361918382690301,"OH",68,1,5,1,2
"187",0.217050911065339,"OH",83,1,5,3,3
"188",0.590337719383085,"OH",80,1,5,1,1
"189",0.383050752187326,"OH",71,1,5,1,3
"190",0.191993633111679,"OH",70,1,5,1,2
"191",0.944550670771872,"OH",68,1,5,3,1
"192",0.383050752187326,"OH",79,1,5,3,1
"193",1.93684390915131,"OH",48,1,5,1,1
"194",0.939126036484617,"OH",72,1,5,1,2
"195",0.525484837711045,"OH",67,1,5,1,3
"196",0.272132586911361,"OH",70,1,5,3,2
"197",0.832236170451904,"OH",68,1,5,1,3
"198",2.95693739242169,"OH",47,1,5,3,3
"199",0.790545760056087,"OH",64,1,5,1,3
"200",0.572302467257045,"OH",61,1,5,3,2
"201",1.44953340211417,"OH",72,1,5,3,2
"202",0.217050911065339,"OH",78,1,5,1,3
"203",1.76471186884688,"OH",45,1,5,1,3
"204",1.16627336540661,"OH",63,1,5,1,2
"205",0.731276667393572,"OH",51,1,5,1,1
"206",0.700372728549626,"OH",81,1,5,1,2
"207",1.37349149041561,"OH",35,2,NA,NA,NA
"208",1.10696372901833,"OH",64,1,5,1,1
"209",0.478727932327708,"OH",85,1,5,3,3
"210",0.191993633111679,"OH",81,1,5,1,3
"211",0.387074063601443,"OH",79,1,5,1,3
"212",0.90724464023881,"OH",73,1,5,2,3
"213",0.286996119626652,"OH",60,2,NA,NA,NA
"214",1.33020990237852,"OH",41,1,5,1,3
"215",1.57459712694368,"OH",71,1,5,1,2
"216",0.573328594134421,"OH",77,1,5,2,2
"217",0.191993633111679,"OH",73,1,5,3,3
"218",0.903514465400628,"OH",70,1,5,1,1
"219",0.383050752187326,"OH",70,1,5,2,3
"220",0.420180828344536,"OH",59,1,5,1,3
"221",0.589397277346433,"OH",79,1,5,3,3
"222",0.770677630479078,"OH",55,2,NA,NA,NA
"223",0.894154435688249,"OH",69,1,5,1,1
"224",0.505886657194817,"OH",90,1,5,1,1
"225",0.206007271136738,"OH",76,1,5,1,3
"226",0.704138226520934,"OH",66,1,5,3,3
"227",0.401661928044622,"OH",69,1,5,2,2
"228",0.514391969170033,"OH",67,1,5,1,3
"229",0.92989049663356,"OH",70,1,5,3,2
"230",0.691804461635817,"OH",42,1,5,1,2
"231",0.681914525871943,"OH",73,1,5,2,3
"232",0.595427461659562,"OH",66,1,5,1,2
"233",0.329076818642192,"OH",72,1,5,2,2
"234",0.478727932327708,"OH",77,1,5,1,3
"235",0.334468512413705,"OH",62,1,5,1,2
"236",0.363797062746897,"OH",60,1,5,1,3
"237",0.503380874135046,"OH",60,1,5,3,2
"238",0.349635714307234,"OH",63,1,5,2,2
"239",0.878615787311755,"OH",63,1,5,1,3
"240",0.329076818642192,"OH",80,1,5,1,2
"241",0.206007271136738,"OH",75,1,5,2,3
"242",3.67503479833063,"OH",47,1,5,1,3
"243",0.475810899495141,"OH",60,1,5,3,3
"244",0.629495076816916,"OH",74,1,5,1,1
"245",0.641452162751306,"OH",81,1,NA,NA,3
"246",2.92381767866516,"OH",45,1,5,1,1
"247",0.272132586911361,"OH",71,1,5,2,2
"248",0.655430578440577,"OH",70,1,5,1,3
"249",1.02524432439994,"OH",74,1,5,1,3
"250",1.82585266854461,"OH",60,1,5,1,2
"251",0.383050752187326,"OH",71,1,5,1,1
"252",0.262494274071063,"OH",69,1,5,3,1
"253",0.191993633111679,"OH",70,1,5,2,3
"254",1.28483664776684,"OH",80,1,5,2,1
"255",0.966457869249166,"OH",46,1,5,1,3
"256",0.446162480054557,"OH",81,1,5,3,3
"257",0.143743095744697,"OH",64,1,5,3,3
"258",0.561244282980588,"OH",71,1,5,1,3
"259",0.854606090723813,"OH",74,1,5,2,3
"260",0.349635714307234,"OH",63,1,5,3,2
"261",0.430440022641163,"OH",72,1,5,1,3
"262",0.272132586911361,"OH",74,1,5,2,2
"263",0.531806336100175,"OH",72,1,NA,NA,3
"264",0.466998645797005,"OH",89,1,5,3,1
"265",0.748176338771394,"OH",70,1,5,1,3
"266",1.21244967553293,"OH",55,2,NA,NA,NA
"267",0.333865460401403,"OH",56,1,5,1,1
"268",1.21180315916587,"OH",70,1,5,3,3
"269",0.856948500260085,"OH",64,1,5,1,3
"270",1.19111005740971,"OH",76,1,5,1,3
"271",0.400286137980978,"OH",59,1,5,2,2
"272",0.251560393835326,"OH",79,1,5,1,1
"273",0.424500129676868,"OH",65,1,5,1,2
"274",0.667537503466107,"OH",62,1,5,3,2
"275",0.447832789025526,"OH",76,1,5,2,1
"276",0.184947111370577,"OH",74,1,NA,NA,3
"277",0.200244811358494,"OH",86,1,5,3,2
"278",0.526657375540675,"OH",50,1,5,1,3
"279",0.901490725035851,"OH",54,1,5,3,2
"280",0.141171186276521,"OH",69,1,5,1,2
"281",1.09050050821914,"OH",73,1,5,2,3
"282",0.314394336804318,"OH",84,1,5,1,3
"283",0.61150209134259,"OH",81,1,NA,NA,2
"284",0.968668777776327,"OH",46,1,NA,NA,3
"285",0.232178217952494,"OH",61,1,5,3,2
"286",1.34065331476062,"OH",57,1,5,2,3
"287",0.329076818642192,"OH",72,1,5,2,2
"288",1.01121131607341,"OH",69,1,5,3,1
"289",0.174551925364235,"OH",76,1,5,3,1
"290",1.01025315172365,"OH",64,1,5,2,2
"291",1.34065331476062,"OH",54,1,5,1,1
"292",0.854606090723813,"OH",70,1,5,1,3
"293",1.03196565566744,"OH",56,1,5,1,3
"294",1.33200014674954,"OH",66,1,5,1,2
"295",1.08291248342486,"OH",63,1,5,3,1
"296",0.751327882679524,"OH",68,1,5,1,1
"297",1.42447170080723,"OH",52,1,5,1,1
"298",0.698575405755251,"OH",74,1,5,1,1
"299",1.63904216736346,"OH",56,1,5,1,1
"300",0.762730667429305,"OH",73,1,5,1,1
"301",0.225624910197905,"OH",62,1,5,2,2
"302",0.431375874546139,"OH",68,1,5,1,2
"303",0.919064942753893,"OH",60,1,NA,NA,2
"304",0.449951636549435,"OH",74,1,5,1,3
"305",0.715371803484107,"OH",59,1,5,1,3
"306",0.163984029911553,"OH",81,1,5,3,2
"307",0.242441027117781,"OH",62,1,NA,NA,2
"308",0.841964984450262,"OH",53,1,5,3,1
"309",0.644028367136064,"OH",76,1,5,3,2
"310",0.234929713796672,"OH",66,1,NA,NA,3
"311",0.991338211314404,"OH",75,1,5,1,3
"312",0.710490505547088,"OH",71,1,5,3,2
"313",0.46580490681188,"OH",66,1,5,1,3
"314",1.23664478815931,"OH",52,1,5,1,3
"315",0.217050911065339,"OH",86,1,5,3,1
"316",0.356993737030726,"OH",90,1,5,1,1
"317",0.250261313817035,"OH",78,1,5,2,2
"318",0.191993633111679,"OH",79,1,5,1,3
"319",3.19780382390802,"OH",49,1,5,1,3
"320",0.65390256223826,"OH",84,1,5,2,2
"321",0.281980771800823,"OH",53,1,5,3,2
"322",0.152943425388414,"OH",80,1,NA,NA,3
"323",0.13529087193844,"OH",92,1,5,3,3
"324",0.251560393835326,"OH",70,1,5,1,3
"325",0.447832789025526,"OH",79,1,5,1,3
"326",0.492259124786743,"OH",62,1,5,3,2
"327",0.911615636664476,"OH",66,1,5,1,2
"328",0.474667431066243,"OH",57,1,5,1,1
"329",0.598537076472116,"OH",66,1,5,1,3
"330",0.635527312076677,"OH",72,1,5,1,3
"331",0.993416375830822,"OH",56,1,5,1,1
"332",0.559771771926427,"OH",68,1,5,1,3
"333",1.93671318257433,"OH",48,1,5,1,1
"334",0.183860219479987,"OH",70,1,5,1,3
"335",0.667537503466107,"OH",63,1,5,1,3
"336",2.70815900399016,"OH",44,1,5,1,2
"337",0.47285764913283,"OH",54,1,5,2,2
"338",0.533878249150145,"OH",78,1,5,3,3
"339",0.225624910197905,"OH",63,1,5,1,2
"340",0.900419822902609,"OH",70,1,5,1,3
"341",0.121342594381883,"OH",68,1,5,2,2
"342",0.504391584291146,"OH",79,1,5,3,3
"343",0.632379386449514,"OH",67,1,5,1,3
"344",0.503380874135046,"OH",61,1,5,2,2
"345",1.1246238442869,"OH",57,1,5,1,3
"346",0.578145478877984,"OH",53,1,3,NA,1
"347",1.05432716731446,"OH",63,1,5,3,1
"348",0.484455814061983,"OH",81,1,5,3,2
"349",0.751327882679524,"OH",64,1,5,2,2
"350",0.167278519343533,"OH",79,1,5,3,2
"351",0.0875295481053674,"OH",62,1,NA,NA,2
"352",0.89256380816633,"OH",85,1,5,3,3
"353",0.225624910197905,"OH",61,1,5,3,2
"354",3.00430005302829,"OH",46,1,5,1,2
"355",0.283444504171606,"OH",68,1,5,1,3
"356",0.965497593115727,"OH",88,1,5,1,2
"357",0.508675267328198,"OH",90,1,5,1,1
"358",0.349635714307234,"OH",64,1,5,2,2
"359",0.225624910197905,"OH",57,1,5,1,2
"360",0.900011585997883,"OH",41,2,NA,NA,NA
"361",0.762730667429305,"OH",78,1,5,3,3
"362",0.824375457500856,"OH",32,1,5,1,2
"363",1.30281292714237,"OH",60,1,5,1,2
"364",0.545462408968222,"OH",67,1,5,3,2
"365",0.403897941912543,"OH",64,1,5,3,2
"366",0.17905477832496,"OH",63,1,5,1,3
"367",0.383050752187326,"OH",77,1,5,2,3
"368",0.107173732623884,"OH",51,1,5,1,3
"369",0.334468512413705,"OH",57,1,5,2,2
"370",0.901490725035851,"OH",54,1,5,3,2
"371",0.964514051903742,"OH",69,1,5,3,1
"372",0.711756662366182,"OH",68,1,5,3,2
"373",1.76494666678733,"OH",35,1,5,1,2
"374",0.401661928044622,"OH",69,1,5,3,2
"375",0.267276492926283,"OH",59,1,5,1,3
"376",0.440055304509992,"OH",52,1,5,2,1
"377",0.741420593892362,"OH",67,1,5,1,2
"378",0.478727932327708,"OH",75,1,5,2,1
"379",1.48281458707594,"OH",31,1,5,1,2
"380",0.114421068645349,"OH",65,1,5,2,2
"381",2.80832577482041,"OH",49,1,5,1,2
"382",0.155741525316331,"OH",57,1,5,2,2
"383",0.356993737030726,"OH",81,1,5,1,1
"384",0.907261010214777,"OH",63,1,5,1,3
"385",1.11889883326226,"OH",65,1,5,1,3
"386",0.515527475358707,"OH",58,1,5,1,3
"387",2.40535830443334,"OH",54,1,5,2,2
"388",1.59508036554043,"OH",35,1,5,1,2
"389",0.788029387693134,"OH",38,1,5,1,2
"390",1.29801319857887,"OH",74,1,5,1,3
"391",0.191993633111679,"OH",72,1,5,3,3
"392",0.0876295411465272,"OH",65,1,3,NA,1
"393",0.725655968382795,"OH",58,1,5,3,2
"394",1.6857245023072,"OH",38,1,5,2,2
"395",0.702059918466487,"OH",72,1,5,3,3
"396",0.459619534617801,"OH",58,1,NA,NA,3
"397",1.20930253943741,"OH",65,1,5,2,3
"398",0.577661598011985,"OH",57,1,5,1,2
"399",0.593904855708593,"OH",66,1,NA,NA,2
"400",0.152829021525729,"OH",81,1,5,2,2
"401",1.36042421759356,"OH",55,1,5,1,3
"402",0.446162480054557,"OH",72,1,5,1,1
"403",0.692887684602002,"OH",80,1,5,3,2
"404",1.2386270014721,"OH",55,2,5,3,NA
"405",0.77862227388316,"OH",64,1,5,1,2
"406",1.50913842479441,"OH",55,1,5,3,1
"407",0.329076818642192,"OH",72,1,5,2,1
"408",1.63978117013384,"OH",58,2,NA,NA,NA
"409",0.478727932327708,"OH",79,1,5,1,3
"410",0.191993633111679,"OH",90,1,5,1,3
"411",0.191993633111679,"OH",82,1,5,2,1
"412",0.630411320819468,"OH",70,1,5,1,2
"413",0.641514912932874,"OH",65,1,5,1,1
"414",0.311393552007579,"OH",68,1,5,1,1
"415",0.478727932327708,"OH",81,1,5,2,3
"416",1.44602325689688,"OH",46,1,5,3,2
"417",1.18797850922634,"OH",51,1,5,1,3
"418",0.561305442573833,"OH",67,1,5,2,2
"419",0.680624553304246,"OH",60,1,5,1,3
"420",0.750323700854677,"OH",39,1,1,NA,1
"421",0.607599513789028,"OH",65,1,5,3,2
"422",2.65429249439294,"OH",39,1,5,1,3
"423",1.02604309504154,"OH",60,1,5,2,2
"424",0.64652904296694,"OH",63,1,5,3,3
"425",2.48614426116467,"OH",23,1,5,3,2
"426",0.363797062746897,"OH",60,1,5,1,3
"427",0.206007271136738,"OH",77,1,5,1,1
"428",1.21991740052265,"OH",83,1,5,3,2
"429",0.622485970617735,"OH",63,1,5,1,3
"430",0.234356129245206,"OH",64,1,5,1,3
"431",0.711756662366182,"OH",68,1,5,2,2
"432",0.39370774025951,"OH",49,1,NA,NA,3
"433",0.900412623755621,"OH",39,1,5,3,1
"434",0.503380874135046,"OH",60,1,5,1,2
"435",0.352107123929395,"OH",60,1,5,2,2
"436",1.35827771821808,"OH",63,1,5,1,3
"437",0.962142777238119,"OH",64,1,5,1,3
"438",0.906385276238306,"OH",47,1,5,1,3
"439",5.5462477160417,"OH",37,1,5,1,1
"440",0.454665118502481,"OH",64,1,5,1,1
"441",0.59785409283737,"OH",59,1,5,1,1
"442",2.54923990124812,"OH",48,1,5,1,3
"443",0.525132239027042,"OH",58,1,5,2,3
"444",1.67741743754707,"OH",67,1,5,1,3
"445",1.29693667419935,"OH",62,1,5,1,3
"446",0.354242357277416,"OH",65,1,5,2,3
"447",0.384575418694623,"OH",64,1,5,3,2
"448",0.354242357277416,"OH",67,1,5,1,3
"449",0.570326987328088,"OH",76,1,5,1,2
"450",0.641514912932874,"OH",66,1,5,1,3
"451",1.68515264752792,"OH",50,1,5,1,3
"452",0.439234841558818,"OH",63,1,5,3,3
"453",0.454665118502481,"OH",52,1,5,1,3
"454",0.626828066775407,"OH",65,1,5,3,1
"455",1.26970133107824,"OH",49,1,5,1,2
"456",0.04164089088891,"OH",64,1,5,3,1
"457",2.54923990124812,"OH",44,1,5,1,3
"458",1.45843264723776,"OH",36,1,5,1,1
"459",0.59785409283737,"OH",68,1,5,3,3
"460",1.35411793640366,"OH",44,1,5,1,3
"461",6.70986690460108,"OH",35,1,5,1,3
"462",0.742267586725828,"OH",58,1,5,2,2
"463",0.710490505547088,"OH",87,1,5,3,2
"464",0.949087481683088,"OH",76,1,5,1,2
"465",0.514644154721155,"OH",69,1,5,2,2
"466",0.531107084602691,"OH",68,1,5,3,2
"467",1.21292009078042,"OH",80,1,5,1,3
"468",0.684263689878972,"OH",68,1,5,2,3
"469",0.143743095744697,"OH",65,1,5,3,3
"470",1.1246238442869,"OH",61,1,5,3,3
"471",0.420180828344536,"OH",61,1,5,1,3
"472",4.18373644700884,"OH",35,1,5,1,3
"473",4.16897095027486,"OH",28,1,5,2,2
"474",0.974823732854136,"OH",59,1,5,1,2
"475",0.354242357277416,"OH",65,1,5,1,3
"476",0.890644941428989,"OH",70,1,5,2,3
"477",0.613094459572905,"OH",65,1,5,1,3
"478",0.876964438365598,"OH",47,1,5,1,1
"479",0.343896525082881,"OH",56,1,5,2,2
"480",0.895212819931871,"OH",58,1,5,2,1
"481",1.68978539341127,"OH",48,1,5,1,3
"482",0.215521861450849,"OH",35,3,1,NA,NA
"483",0.755582863560767,"OH",48,1,5,3,2
"484",1.76457376783224,"OH",56,1,5,1,2
"485",0.0381083819714041,"OH",56,1,5,1,1
"486",0.990920728160332,"OH",70,1,5,2,2
"487",1.29693667419935,"OH",57,1,5,2,3
"488",0.383375178559969,"OH",62,1,NA,NA,3
"489",0.172471745932554,"OH",47,1,5,1,2
"490",3.28838181745104,"OH",45,1,5,1,1
"491",0.197890558601,"OH",53,1,NA,NA,1
"492",1.00963740872565,"OH",41,1,5,3,3
"493",0.403897941912543,"OH",67,1,5,1,2
"494",1.09988143263215,"OH",52,1,5,3,1
"495",0.811650111207424,"OH",65,1,5,1,3
"496",0.684462988491219,"OH",68,1,5,3,3
"497",0.319022913425288,"OH",69,1,5,3,2
"498",0.46580490681188,"OH",66,1,5,3,1
"499",0.594034150682406,"OH",63,1,5,1,3
"500",0.59785409283737,"OH",57,1,5,2,1
"501",0.424500129676868,"OH",67,1,5,3,2
"502",0.553089980519558,"OH",52,2,NA,NA,NA
"503",0.510652852642594,"OH",61,1,5,1,2
"504",1.22873821890268,"OH",70,1,5,1,2
"505",0.720326792482919,"OH",76,1,5,3,2
"506",0.0681967280762557,"OH",60,2,4,4,NA
"507",1.64905517992661,"OH",65,1,5,2,2
"508",0.32113142783596,"OH",53,1,NA,NA,2
"509",0.797890905824209,"OH",71,1,5,1,2
"510",2.59613077562394,"OH",40,1,5,3,2
"511",1.33020990237852,"OH",39,1,5,1,1
"512",1.06050816153363,"OH",67,1,5,3,2
"513",0.361918382690301,"OH",68,1,5,3,2
"514",0.758645864875314,"OH",66,1,5,2,3
"515",0.262494274071063,"OH",64,1,5,3,2
"516",1.13244869888413,"OH",59,1,5,1,1
"517",1.70746942611261,"OH",38,1,5,3,2
"518",0.478727932327708,"OH",75,1,5,3,1
"519",1.06609725691044,"OH",62,1,5,3,3
"520",0.629283028934652,"OH",57,1,5,1,2
"521",0.525132239027042,"OH",67,1,5,1,1
"522",0.942201556263733,"OH",59,1,5,1,2
"523",1.54024023021936,"OH",70,1,5,3,2
"524",0.86395451924489,"OH",52,1,5,2,2
"525",0.626828066775407,"OH",65,1,5,2,1
"526",0.143743095744697,"OH",67,1,5,3,3
"527",0.48623921587034,"OH",75,1,5,1,1
"528",1.39555388725925,"OH",64,1,5,3,1
"529",0.977039150133158,"OH",62,1,5,1,1
"530",0.225976075851434,"OH",66,1,5,2,3
"531",0.441504097593958,"OH",61,1,NA,NA,2
"532",0.406211950595144,"OH",69,1,5,3,2
"533",1.9441082370085,"OH",58,1,5,1,3
"534",0.680624553304246,"OH",69,1,5,3,1
"535",0.282909136458195,"OH",69,1,1,NA,2
"536",0.880601873824159,"OH",56,1,5,1,3
"537",0.590055513431973,"OH",49,1,5,1,2
"538",0.296968495524749,"OH",62,1,5,3,2
"539",0.401661928044622,"OH",67,1,5,2,2
"540",1.64200267469941,"OH",76,1,5,3,3
"541",0.608641206104341,"OH",39,1,NA,NA,2
"542",5.44500874772907,"OH",28,1,5,3,1
"543",1.35473383034842,"OH",28,1,5,3,2
"544",0.59785409283737,"OH",52,1,5,1,1
"545",0.455184524221949,"OH",66,1,5,1,3
"546",0.628430775090249,"OH",71,1,5,3,2
"547",0.0643067056902029,"OH",67,1,5,1,2
"548",0.722038894801462,"OH",68,1,5,2,2
"549",0.785569251539148,"OH",61,1,5,1,2
"550",0.699387729143117,"OH",64,1,5,2,2
"551",0.67212352240573,"OH",61,1,5,1,2
"552",1.40461992398938,"OH",52,1,5,3,2
"553",0.548328283014398,"OH",52,1,NA,NA,2
"554",0.978155311681672,"OH",67,1,5,1,3
"555",0.228377559423293,"OH",39,1,NA,NA,1
"556",0.950987807293354,"OH",63,1,5,1,3
"557",0.604428828288974,"OH",79,1,5,1,2
"558",0.596307714990199,"OH",60,1,5,1,4
"559",1.07643899954354,"OH",56,1,5,2,3
"560",1.00283808033589,"OH",63,1,5,3,1
"561",1.50604821007674,"OH",28,1,5,1,1
"562",0.0681967280762557,"OH",56,1,1,NA,2
"563",0.761238629511456,"OH",60,1,5,3,3
"564",3.95135075721298,"OH",38,1,5,3,1
"565",0.871765490951357,"OH",66,1,5,1,3
"566",0.306559718536718,"OH",66,1,NA,NA,2
"567",0.334468512413705,"OH",53,1,5,1,2
"568",0.488029862453148,"OH",69,1,5,3,2
"569",0.187419251730449,"OH",54,1,5,1,1
"570",2.18187464756141,"OH",66,2,4,3,NA
"571",0.257530189434857,"OH",78,1,5,1,3
"572",0.501084932276022,"OH",74,1,5,3,2
"573",0.856775063408312,"OH",52,1,5,2,3
"574",4.64688397460277,"OH",44,1,5,1,3
"575",0.82431604924071,"OH",67,1,5,1,2
"576",0.495505607457643,"OH",50,1,5,1,2
"577",1.05782567730519,"OH",50,1,5,1,2
"578",0.368776317913611,"OH",61,2,NA,NA,NA
"579",0.506580011802612,"OH",57,1,NA,NA,2
"580",0.682781389043061,"OH",58,1,5,3,2
"581",0.364212661541321,"OH",67,1,5,1,3
"582",0.621430447129565,"OH",69,1,5,1,1
"583",0.88845726017461,"OH",63,1,5,1,1
"584",0.718963118591709,"OH",67,1,5,1,3
"585",3.80902947294919,"OH",29,1,5,1,3
"586",1.20067243608084,"OH",73,1,5,3,3
"587",0.790545760056087,"OH",52,1,5,1,1
"588",1.30812089760067,"OH",50,1,5,1,2
"589",1.19517158919576,"OH",44,1,NA,NA,3
"590",0.177821173711859,"OH",38,1,5,1,2
"591",0.420180828344536,"OH",62,1,5,1,3
"592",2.24183852241687,"OH",60,1,5,1,2
"593",0.684462988491219,"OH",63,1,5,1,1
"594",0.629283028934652,"OH",65,1,5,1,1
"595",0.760320726703315,"OH",65,1,5,2,3
"596",0.737935127456161,"OH",62,1,5,1,2
"597",0.75013034314454,"OH",28,1,5,1,2
"598",0.155741525316331,"OH",64,1,5,2,2
"599",0.972881835955981,"OH",51,1,5,3,2
"600",0.691751700455296,"OH",77,1,5,1,3
"601",0.93243329017955,"OH",53,1,5,3,2
"602",0.510652852642594,"OH",62,1,5,3,2
"603",0.760320726703315,"OH",63,1,5,1,2
"604",0.876517775118018,"OH",58,1,5,3,2
"605",0.772024407967119,"OH",42,1,5,1,1
"606",0.787116590540851,"OH",64,1,5,1,2
"607",1.77330716390605,"OH",48,1,NA,NA,NA
"608",1.25549705821754,"OH",44,1,NA,NA,3
"609",1.52093904974494,"OH",59,1,5,2,3
"610",0.155741525316331,"OH",62,1,5,2,2
"611",0.796917800931692,"OH",57,1,5,2,2
"612",0.437599770769807,"OH",54,1,3,NA,2
"613",0.60389036518723,"OH",60,1,5,1,2
"614",0.378750654501241,"OH",61,1,5,1,2
"615",1.33515632692191,"OH",47,1,5,3,2
"616",0.680624553304246,"OH",57,1,5,2,3
"617",0.527212426764241,"OH",72,1,5,2,1
"618",0.533284328718415,"OH",64,1,5,2,3
"619",3.67893409272238,"OH",47,1,5,1,1
"620",0.641514912932874,"OH",65,1,5,1,1
"621",1.9030573650262,"OH",41,1,NA,NA,2
"622",1.90890286134734,"OH",70,1,5,1,3
"623",0.97371137293113,"OH",60,1,5,1,3
"624",0.409461605860758,"OH",68,1,5,2,2
"625",0.363797062746897,"OH",57,1,5,1,3
"626",0.526073790628637,"OH",79,1,5,3,1
"627",0.18055297614622,"OH",77,2,NA,NA,NA
"628",0.475898364662644,"OH",61,1,5,3,1
"629",0.358102481954243,"OH",54,1,NA,NA,3
"630",0.955502112049332,"OH",71,1,5,1,3
"631",0.361918382690301,"OH",69,1,5,1,2
"632",0.832236170451904,"OH",67,1,5,3,1
"633",1.13251055191095,"OH",66,1,5,1,3
"634",0.80045710315098,"OH",68,1,5,1,3
"635",1.46584568488951,"OH",51,1,5,1,1
"636",0.209033671331166,"OH",33,1,5,3,2
"637",1.25549705821754,"OH",37,1,NA,NA,3
"638",0.751871026224058,"OH",49,1,3,NA,2
"639",1.38663425221315,"OH",65,1,5,2,1
"640",0.513324832337178,"OH",61,1,4,4,3
"641",0.690513623339364,"OH",65,1,5,1,3
"642",0.552825738459078,"OH",56,1,5,1,3
"643",1.19405667224725,"OH",70,1,5,3,2
"644",0.947309007380717,"OH",55,1,5,3,2
"645",0.373070898487085,"OH",69,1,5,1,3
"646",0.416562879407078,"OH",30,1,1,NA,2
"647",0.278483094449924,"OH",66,1,NA,NA,3
"648",0.670269472683277,"OH",47,1,5,1,2
"649",1.51176261500774,"OH",49,1,5,3,1
"650",0.501136390372319,"OH",60,2,NA,NA,NA
"651",1.32602662086655,"OH",61,1,5,1,3
"652",0.656164546665632,"OH",63,1,5,3,2
"653",0.181470604125545,"OH",42,1,NA,NA,2
"654",3.9827117916523,"OH",40,1,5,3,3
"655",0.341481892918239,"OH",60,1,2,NA,2
"656",1.01280902206684,"OH",47,1,NA,NA,3
"657",0.742267586725828,"OH",67,1,5,2,2
"658",0.510652852642594,"OH",59,1,5,2,2
"659",0.742267586725828,"OH",57,1,5,1,2
"660",0.623197093508561,"OH",53,1,5,1,3
"661",1.21571544964131,"OH",49,1,5,3,3
"662",1.38281214557507,"OH",48,1,5,1,2
"663",0.524044337963465,"OH",66,1,NA,NA,3
"664",1.02854917875482,"OH",55,1,5,1,3
"665",7.42338848612301,"OH",39,1,5,1,1
"666",1.42628960228795,"OH",57,1,5,1,3
"667",2.56476996097924,"OH",49,1,5,1,1
"668",0.632379386449514,"OH",53,1,5,1,1
"669",0.789035595787596,"OH",28,1,5,1,2
"670",0.998782236393467,"OH",47,2,5,1,NA
"671",0.248410324870909,"OH",31,1,NA,NA,3
"672",0.230675651792542,"OH",67,1,5,1,1
"673",0.237485965653566,"OH",47,2,5,1,NA
"674",0.368775201486195,"OH",49,1,NA,NA,3
"675",0.206007271136738,"OH",85,1,5,1,3
"676",0.525132239027042,"OH",53,1,5,1,3
"677",1.18660522150261,"OH",59,1,5,1,3
"678",2.18187464756141,"OH",56,2,1,NA,NA
"679",0.349635714307234,"OH",65,1,5,2,2
"680",0.0801041808130981,"OH",62,1,NA,NA,2
"681",0.46580490681188,"OH",62,1,5,2,3
"682",1.32721757151767,"OH",46,1,5,1,1
"683",0.271562883222577,"OH",72,1,5,3,3
"684",0.363797062746897,"OH",62,1,5,3,3
"685",1.97830711403896,"OH",47,1,5,2,2
"686",3.18200117395662,"OH",39,1,5,1,2
"687",0.225624910197905,"OH",60,1,5,2,2
"688",0.308916794376179,"OH",57,1,NA,NA,3
"689",0.937445215961903,"OH",62,1,5,2,3
"690",4.46154110168459,"OH",48,1,5,1,3
"691",1.05886155967523,"OH",45,1,5,1,2
"692",0.681914525871943,"OH",78,1,5,1,3
"693",2.49107368921028,"OH",33,1,4,4,3
"694",5.83927483155694,"OH",29,1,5,1,1
"695",0.453734423878536,"OH",66,1,NA,NA,2
"696",0.335068207766878,"OH",70,1,5,2,2
"697",0.321644315713808,"OH",60,1,NA,NA,3
"698",0.25102499202062,"OH",67,1,5,3,2
"699",0.845821568850673,"OH",81,1,5,2,3
"700",0.605954234056036,"OH",56,1,5,3,2
"701",0.48659186711506,"OH",67,1,5,1,3
"702",0.119052307934846,"OH",66,1,1,NA,2
"703",0.682781389043061,"OH",62,1,5,1,3
"704",0.769631437709619,"OH",56,1,5,3,2
"705",0.225976075851434,"OH",59,1,5,2,1
"706",0.702059918466487,"OH",70,1,5,1,3
"707",0.741420593892362,"OH",63,1,5,1,3
"708",0.267276492926283,"OH",61,1,5,2,3
"709",8.85554899281939,"OH",36,1,5,3,2
"710",0.682676084782096,"OH",38,1,5,3,1
"711",1.48167752693927,"OH",45,1,5,1,1
"712",0.126805271688615,"OH",52,1,NA,NA,1
"713",0.682140332833377,"OH",58,1,5,3,2
"714",0.39787770467264,"OH",50,1,5,2,2
"715",0.897608778546343,"OH",70,1,5,3,2
"716",0.0875295481053674,"OH",62,1,NA,NA,2
"717",6.37968238083059,"OH",45,1,5,3,1
"718",0.606056526694654,"OH",66,1,5,2,2
"719",0.283444504171606,"OH",69,1,5,3,3
"720",0.533878249150145,"OH",71,1,5,1,1
"721",4.99945169174002,"OH",39,1,5,1,1
"722",1.00084969861285,"OH",79,1,5,1,1
"723",0.143743095744697,"OH",67,1,5,3,3
"724",1.07764805121956,"OH",90,1,5,3,1
"725",0.573328594134421,"OH",75,1,5,1,2
"726",0.717816673745242,"OH",60,1,5,1,3
"727",0.463932675419326,"OH",69,1,NA,NA,2
"728",0.411256305672036,"OH",55,1,5,2,3
"729",0.238079074746337,"OH",52,1,4,4,2
"730",0.63550920711258,"OH",70,1,5,3,3
"731",0.484455814061983,"OH",82,1,5,3,2
"732",0.13529087193844,"OH",80,1,5,1,3
"733",1.27034860577113,"OH",60,1,5,1,3
"734",0.718963118591709,"OH",68,1,5,1,3
"735",0.586673694365742,"OH",79,1,5,3,3
"736",0.120199375546301,"OH",63,1,5,1,1
"737",1.04679523545117,"OH",49,1,NA,NA,2
"738",1.64200267469941,"OH",72,1,5,3,3
"739",0.572151640197098,"OH",64,1,NA,NA,3
"740",0.413407436318048,"OH",78,1,5,3,3
"741",0.489720900661903,"OH",61,1,5,1,2
"742",0.647688256609984,"OH",74,1,5,1,3
"743",0.358102481954243,"OH",68,1,NA,NA,3
"744",2.43021322784374,"OH",38,1,5,1,3
"745",1.38159442323517,"OH",53,1,5,1,3
"746",3.14696640032171,"OH",67,1,5,2,2
"747",0.191993633111679,"OH",73,1,5,1,3
"748",1.05553250369038,"OH",80,1,5,3,3
"749",1.71706190396151,"OH",70,1,5,3,3
"750",0.928770016372009,"OH",77,1,5,3,1
"751",0.0607101080398012,"OH",57,1,NA,NA,2
"752",1.88658827625636,"OH",52,1,5,3,2
"753",0.913508530290519,"OH",92,1,5,2,3
"754",0.349635714307234,"OH",65,1,5,3,1
"755",0.257735363152682,"OH",33,1,5,1,3
"756",1.33866540580522,"OH",76,1,5,3,3
"757",0.597655926439387,"OH",38,1,NA,NA,2
"758",1.87371641142262,"OH",41,1,5,1,2
"759",1.75377820908588,"OH",63,1,5,1,2
"760",1.67987586070287,"OH",52,1,5,1,3
"761",0.455184524221949,"OH",67,1,5,1,3
"762",0.890644941428989,"OH",70,1,5,3,2
"763",0.558164251231455,"OH",57,1,NA,NA,3
"764",0.937792937785327,"OH",75,1,5,3,2
"765",0.120199375546301,"OH",65,1,5,3,2
"766",2.50514062120204,"OH",53,1,5,1,1
"767",1.18603693475292,"OH",41,1,5,1,1
"768",1.61431610721149,"OH",33,1,5,1,1
"769",0.733876192380962,"OH",63,1,5,3,2
"770",0.565753985778426,"OH",49,1,5,1,2
"771",0.905468575726461,"OH",28,1,5,1,2
"772",0.533878249150145,"OH",73,1,5,1,3
"773",1.53665908162525,"OH",30,1,5,1,3
"774",0.161129837184026,"OH",52,1,5,1,2
"775",0.331275578803357,"OH",42,1,NA,NA,3
"776",0.66539221083247,"OH",32,1,5,1,2
"777",0.753890924543011,"OH",65,1,NA,NA,1
"778",2.38548913289114,"OH",47,1,5,1,2
"779",1.76961242324199,"OH",27,1,NA,NA,1
"780",1.73137376006425,"OH",25,1,5,3,1
"781",1.03902114498214,"OH",80,1,NA,NA,2
"782",0.880601873824159,"OH",67,1,5,2,1
"783",1.30004366882766,"OH",49,1,5,2,2
"784",1.54131715761701,"OH",62,1,5,3,1
"785",3.59584236174221,"OH",32,1,5,1,1
"786",1.1246238442869,"OH",53,1,5,1,1
"787",0.605954234056036,"OH",53,1,5,3,2
"788",2.11746667036752,"OH",48,1,NA,NA,2
"789",0.923615977955693,"OH",30,1,5,1,2
"790",0.568319010329214,"OH",68,1,NA,NA,2
"791",2.38548913289114,"OH",47,1,5,1,2
"792",0.817802090105491,"OH",67,1,5,1,2
"793",1.65134751336971,"OH",23,1,5,2,3
"794",2.05975756854358,"OH",61,1,3,NA,3
"795",1.56190006078742,"OH",38,1,NA,NA,2
"796",0.823375431869422,"OH",69,1,5,1,3
"797",0.389415384225905,"OH",81,1,NA,NA,2
"798",5.56823180369823,"OH",23,1,5,3,3
"799",2.08025109915162,"OH",49,1,5,3,1
"800",0.630411320819468,"OH",71,1,5,2,2
"801",0.798508469138786,"OH",68,1,5,1,2
"802",9.62167802884536,"OH",44,1,5,1,1
"803",0.551148292283453,"OH",68,1,NA,NA,3
"804",1.43382122682816,"OH",73,1,5,3,3
"805",0.933983890120393,"OH",58,1,NA,NA,1
"806",0.637107747566706,"OH",42,1,5,1,2
"807",1.65636530769759,"OH",39,1,5,2,2
"808",3.15305985953119,"OH",52,2,NA,NA,NA
"809",4.67314934851138,"OH",28,1,5,1,2
"810",1.15859416022532,"OH",48,1,NA,NA,3
"811",0.133481761132906,"OH",49,1,NA,NA,2
"812",0.308566079673516,"OH",30,1,5,3,2
"813",0.112884620148112,"OH",67,1,NA,NA,2
"814",0.782265499570405,"OH",30,1,5,3,2
"815",0.667819771706464,"OH",29,1,NA,NA,1
"816",1.19111005740971,"OH",80,1,5,3,1
"817",0.435312180745492,"OH",53,1,NA,NA,2
"818",0.124182745068859,"OH",27,2,NA,NA,NA
"819",0.723354568999971,"OH",57,1,NA,NA,2
"820",0.47285764913283,"OH",62,1,5,1,2
"821",1.21709373116472,"OH",26,1,5,1,1
"822",0.666574163341087,"OH",38,1,NA,NA,2
"823",0.859994209892529,"OH",27,1,5,1,3
"824",0.144205362128217,"OH",44,1,5,1,2
"825",1.47521661394628,"OH",71,1,5,1,1
"826",0.500558531754897,"OH",73,1,NA,NA,3
"827",1.57917833725544,"OH",41,1,5,1,3
"828",0.228553282503282,"OH",76,1,5,3,2
"829",1.06717462959259,"OH",68,1,5,1,1
"830",2.33418699091958,"OH",72,1,NA,NA,2
"831",0.464090207453519,"OH",34,1,2,NA,1
"832",0.383050752187326,"OH",70,1,5,3,3
"833",0.726928715033585,"OH",63,1,5,1,3
"834",2.05975756854358,"OH",69,1,1,NA,2
"835",1.42893765835521,"OH",79,1,5,1,NA
"836",0.642343048620789,"OH",75,2,NA,NA,NA
"837",0.797679089003929,"OH",60,1,NA,NA,1
"838",1.03957892606036,"OH",33,1,5,2,1
"839",0.314394336804318,"OH",82,1,5,2,3
"840",0.211830044042756,"OH",61,1,5,1,2
"841",0.394511667407271,"OH",69,1,5,1,3
"842",0.577661598011985,"OH",67,1,5,1,2
"843",0.724504140769466,"OH",40,1,NA,NA,1
"844",0.799561757805986,"OH",71,1,5,1,2
"845",0.756996644711658,"OH",65,1,5,1,2
"846",0.425192032597063,"OH",89,1,NA,NA,3
"847",1.33541372286288,"OH",71,1,5,3,1
"848",1.1794314373283,"OH",49,1,5,1,2
"849",0.664556517257824,"OH",73,1,5,3,2
"850",0.13529087193844,"OH",79,1,5,1,3
"851",1.63904216736346,"OH",66,1,5,1,1
"852",0.206007271136738,"OH",72,1,5,1,3
"853",1.17811572327294,"OH",73,1,5,3,3
"854",1.43883859350259,"OH",54,1,5,1,2
"855",0.81889478091885,"OH",83,1,5,3,2
"856",0.542025202463978,"OH",49,3,NA,NA,NA
"857",0.562495594306276,"OH",76,1,1,NA,3
"858",3.66021106551937,"OH",40,1,5,1,2
"859",2.91300888805959,"OH",70,2,NA,NA,NA
"860",2.27644559748846,"OH",71,1,5,1,3
"861",0.72709825935774,"OH",75,1,5,1,2
"862",0.593227822203665,"OH",58,1,1,NA,2
"863",0.466998645797005,"OH",76,1,5,2,2
"864",1.51546676020987,"OH",30,1,NA,NA,2
"865",0.19587601927194,"OH",57,1,5,1,1
"866",1.15796840114306,"OH",71,1,5,3,1
"867",0.573328594134421,"OH",89,1,5,3,2
"868",2.61334504613997,"OH",43,1,5,1,1
"869",0.637154467873545,"OH",42,1,5,1,2
"870",0.25102499202062,"OH",55,1,5,2,2
"871",0.471818612432763,"OH",40,1,NA,NA,1
"872",0.104546382960517,"OH",74,1,NA,NA,2
"873",0.423823876485847,"OH",66,1,5,3,1
"874",0.441700771737809,"OH",35,1,NA,NA,1
"875",0.0793407545944127,"OH",63,1,NA,NA,2
"876",0.61483830736147,"OH",70,1,5,1,3
"877",0.655430578440577,"OH",78,1,5,2,1
"878",0.194042581075085,"OH",46,1,5,1,1
"879",4.79585197699457,"OH",38,1,5,1,3
"880",0.276658512595222,"OH",69,1,NA,NA,2
"881",0.708160248116261,"OH",72,1,5,1,1
"882",0.295191841085207,"OH",49,1,5,1,3
"883",0.381072644383584,"OH",76,1,5,2,2
"884",1.15641979407832,"OH",70,1,NA,NA,2
"885",0.877675111229798,"OH",70,1,5,1,2
"886",0.436109314076662,"OH",61,2,NA,NA,NA
"887",0.626822582132808,"OH",65,1,NA,NA,2
"888",0.913427535226145,"OH",82,1,5,3,3
"889",1.02874822173963,"OH",70,1,5,1,3
"890",0.370753753102361,"OH",34,2,NA,NA,NA
"891",0.143743095744697,"OH",65,1,5,3,1
"892",0.387850453545133,"OH",73,1,NA,NA,3
"893",0.727162732310494,"OH",77,1,5,3,2
"894",0.436109314076662,"OH",56,1,NA,NA,1
"895",0.25102499202062,"OH",66,1,5,1,2
"896",0.231507209388821,"OH",65,1,5,3,2
"897",1.1002348822424,"OH",31,1,5,1,2
"898",0.514644154721155,"OH",64,1,5,1,2
"899",0.790545760056087,"OH",65,1,5,1,3
"900",0.0921619844514915,"OH",70,1,1,NA,4
"901",4.90323110306477,"OH",54,1,5,1,1
"902",0.727710536677809,"OH",47,1,NA,NA,2
"903",0.551736447814066,"OH",39,1,5,1,2
"904",0.635451119487525,"OH",46,1,NA,NA,2
"905",1.07481006661477,"OH",45,1,5,3,3
"906",1.35216515173146,"OH",52,1,5,1,3
"907",0.508993240172971,"OH",35,1,1,NA,2
"908",0.321106974096771,"OH",78,1,5,3,2
"909",0.368776317913611,"OH",63,2,NA,NA,NA
"910",0.220850385868905,"OH",31,1,5,1,1
"911",0.446022511896816,"OH",59,1,NA,NA,1
"912",0.911615636664476,"OH",65,1,5,1,3
"913",1.43883859350259,"OH",54,1,5,1,2
"914",0.667228634511065,"OH",75,1,5,3,3
"915",0.766317599146919,"OH",51,1,5,1,2
"916",0.119052307934846,"OH",61,1,NA,NA,2
"917",0.762576483106257,"OH",59,1,NA,NA,1
"918",0.225624910197905,"OH",65,1,5,3,2
"919",0.720687683969443,"OH",72,1,5,1,3
"920",1.75108766941735,"OH",41,1,NA,NA,1
"921",0.533878249150145,"OH",70,1,5,1,3
"922",0.581992913233697,"OH",71,1,5,3,1
"923",1.1011379282013,"OH",57,1,5,2,2
"924",1.2334161141555,"OH",71,1,1,NA,1
"925",0.63791618029326,"OH",59,1,5,1,1
"926",0.403897941912543,"OH",64,1,5,3,1
"927",0.379669557499416,"OH",48,1,5,1,3
"928",0.792290609022736,"OH",27,1,5,3,3
"929",0.531367117924742,"OH",60,1,5,1,2
"930",1.14823450418941,"OH",31,1,NA,NA,2
"931",2.0275128285617,"OH",71,1,5,3,3
"932",0.841225792279072,"OH",58,1,5,3,2
"933",1.19230465477051,"OH",71,1,5,1,1
"934",1.00194562002506,"OH",61,1,5,2,3
"935",0.885489410814012,"OH",28,1,5,3,1
"936",3.80934010626149,"OH",27,1,NA,NA,2
"937",0.567431642719463,"OH",77,1,NA,NA,3
"938",15.0006466337489,"OH",23,1,5,1,1
"939",0.596495051189387,"OH",72,1,5,3,2
"940",0.564249532898228,"OH",57,1,5,1,3
"941",1.43581260068972,"OH",81,1,5,2,2
"942",1.11404989126645,"OH",42,2,NA,NA,NA
"943",0.254858623562799,"OH",50,1,NA,NA,3
"944",0.289917242507016,"OH",68,1,5,1,2
"945",1.99484347479391,"OH",29,1,5,1,2
"946",0.882180775371323,"OH",77,1,5,3,1
"947",0.211830044042756,"OH",59,1,5,3,2
"948",0.38189810560095,"OH",45,1,NA,NA,2
"949",0.206007271136738,"OH",77,1,5,2,3
"950",1.42628960228795,"OH",60,1,5,1,3
"951",0.439695412086699,"OH",73,1,NA,NA,2
"952",0.545462408968222,"OH",67,1,5,3,2
"953",0.440820404904633,"OH",39,1,5,1,2
"954",0.691328929268876,"OH",59,1,NA,NA,2
"955",0.135896429078245,"OH",48,2,NA,NA,NA
"956",2.75702275038352,"OH",75,1,5,3,3
"957",1.14742155939758,"OH",53,1,5,1,1
"958",1.64410944367894,"OH",40,2,NA,NA,NA
"959",0.225976075851434,"OH",63,1,5,1,3
"960",1.27021320075922,"OH",50,1,5,3,1
"961",1.73717743586559,"OH",38,1,5,1,1
"962",0.787703668544202,"OH",53,1,5,3,2
"963",0.398707426723864,"OH",58,1,5,2,2
"964",0.206007271136738,"OH",82,1,5,1,3
"965",1.16259577693219,"OH",47,1,5,1,1
"966",0.492870705031345,"OH",84,1,5,3,3
"967",0.356993737030726,"OH",77,1,5,1,1
"968",1.18660522150261,"OH",55,1,5,1,3
"969",0.504391584291146,"OH",75,1,5,1,3
"970",0.316932039486937,"OH",59,1,NA,NA,1
"971",0.741602744666268,"OH",37,1,5,1,2
"972",3.08482319733737,"OH",36,1,NA,NA,1
"973",5.63443707364335,"OH",32,1,5,1,2
"974",0.896817918613178,"OH",70,1,5,1,3
"975",1.30657998765773,"OH",49,1,5,3,2
"976",0.119052307934846,"OH",64,1,NA,NA,2
"977",2.44031923594006,"OH",37,1,5,1,2
"978",0.383735463719818,"OH",54,1,NA,NA,1
"979",0.620342008741766,"OH",69,1,NA,NA,2
"980",0.99382673641007,"OH",49,1,5,2,2
"981",1.86298677673288,"OH",61,1,5,2,1
"982",1.22017484025382,"OH",74,1,5,3,1
"983",0.903634703830942,"OH",42,1,NA,NA,1
"984",1.1011379282013,"OH",57,1,5,1,3
"985",0.152829021525729,"OH",83,1,5,3,2
"986",0.0921619844514915,"OH",81,1,NA,NA,3
"987",0.904687677040813,"OH",52,1,5,3,2
"988",0.710490505547088,"OH",70,1,5,1,1
"989",0.648854421004985,"OH",62,1,5,1,3
"990",0.39930848729892,"OH",79,1,NA,NA,2
"991",2.14449248810947,"OH",75,1,5,1,1
"992",1.40209308973033,"OH",24,1,5,3,1
"993",3.8822145551487,"OH",55,1,5,1,1
"994",1.3482614919937,"OH",61,3,4,4,NA
"995",1.27891558298043,"OH",56,1,5,1,3
"996",0.442373730039831,"OH",60,1,NA,NA,3
"997",1.05350982797048,"OH",51,1,5,3,3
"998",0.573328594134421,"OH",74,1,5,2,2
"999",1.49334898124624,"OH",33,1,5,2,2
"1000",0.226426811318102,"OH",28,1,5,3,2
"1001",0.132014289825446,"OH",73,1,5,3,1
"1002",0.2016413977006,"OH",62,1,5,2,2
"1003",0.441700771737809,"OH",44,2,NA,NA,NA
"1004",0.651001586961973,"OH",28,1,5,3,3
"1005",2.11328719465258,"OH",38,1,5,1,2
"1006",0.141171186276521,"OH",69,1,5,3,2
"1007",0.127241799108345,"OH",56,1,5,1,1
"1008",1.1211380364678,"OH",30,2,NA,NA,NA
"1009",0.492870705031345,"OH",77,1,5,3,3
"1010",0.533404294169134,"OH",71,1,NA,NA,2
"1011",0.437251601313603,"OH",80,1,5,1,2
"1012",0.920412541636121,"OH",71,1,5,1,2
"1013",4.09213821698525,"OH",52,1,5,1,1
"1014",1.82639736763823,"OH",65,1,5,1,3
"1015",0.214169703876111,"OH",78,1,NA,NA,2
"1016",2.69404920519971,"OH",74,1,5,1,2
"1017",1.26912393351524,"OH",27,1,5,1,1
"1018",0.896831869266956,"OH",29,1,NA,NA,1
"1019",1.24112144226565,"OH",57,1,1,NA,1
"1020",0.283444504171606,"OH",69,1,5,1,3
"1021",0.856948500260085,"OH",62,1,5,1,3
"1022",0.364212661541321,"OH",50,1,5,1,3
"1023",0.37174599289983,"OH",66,1,5,1,2
"1024",1.01121131607341,"OH",69,1,5,1,2
"1025",0.672895255589818,"OH",77,1,5,1,1
"1026",0.777519629797338,"OH",47,1,5,1,1
"1027",0.768598148408174,"OH",34,1,5,3,2
"1028",1.64470122998015,"OH",28,1,2,NA,1
"1029",1.16818816912103,"OH",73,1,5,1,3
"1030",0.297121626294097,"OH",56,1,NA,NA,1
"1031",1.33734201386505,"OH",52,1,5,1,3
"1032",0.394080741283474,"OH",62,1,NA,NA,2
"1033",4.7868082379018,"OH",60,1,5,1,1
"1034",0.468402661386841,"OH",51,1,5,3,2
"1035",1.12017705415463,"OH",67,1,5,1,3
"1036",1.27443538427266,"OH",63,1,5,1,1
"1037",0.785569251539148,"OH",58,1,5,2,2
"1038",0.309055387939184,"OH",54,1,5,2,2
"1039",0.390003892479491,"OH",61,1,NA,NA,2
"1040",0.761238629511456,"OH",61,1,5,1,1
"1041",1.07643899954354,"OH",68,1,5,1,3
"1042",2.42180566918602,"OH",43,1,5,1,2
"1043",0.661530711986911,"OH",57,1,5,1,2
"1044",0.306209906839058,"OH",57,1,NA,NA,2
"1045",1.23263502466542,"OH",61,1,5,3,1
"1046",0.661530711986911,"OH",50,1,5,1,2
"1047",0.289735745572006,"OH",64,1,NA,NA,1
"1048",0.750381953099069,"OH",39,1,NA,NA,1
"1049",0.531367117924742,"OH",58,1,5,1,2
"1050",0.935373026290644,"OH",56,1,5,3,2
"1051",0.0607101080398012,"OH",60,1,NA,NA,2
"1052",0.840215360859226,"OH",75,1,5,1,2
"1053",0.844515185783995,"OH",53,1,5,1,4
"1054",0.493030228627323,"OH",75,1,NA,NA,2
"1055",1.88204880608929,"OH",49,1,5,1,1
"1056",1.65659350195569,"OH",27,1,5,2,2
"1057",0.594439861664078,"OH",56,1,5,1,3
"1058",0.920412541636121,"OH",71,1,5,1,2
"1059",1.14742344417843,"OH",24,1,5,3,4
"1060",0.462090634874802,"OH",73,1,NA,NA,2
"1061",1.0332890669979,"OH",80,1,5,3,2
"1062",0.436109314076662,"OH",58,1,4,3,1
"1063",4.44860885722738,"OH",31,1,5,1,3
"1064",0.832340519626363,"OH",69,1,5,1,3
"1065",1.06929358171602,"OH",30,1,5,1,2
"1066",0.545462408968222,"OH",68,1,5,3,2
"1067",0.309055387939184,"OH",58,1,5,3,2
"1068",1.37579135784395,"OH",82,1,5,1,3
"1069",1.94016865670849,"OH",46,1,NA,NA,2
"1070",0.85961599776486,"OH",55,1,5,3,3
"1071",0.177793158782169,"OH",72,1,5,1,3
"1072",1.3114515421036,"OH",52,1,5,2,3
"1073",0.454665118502481,"OH",55,1,5,1,3
"1074",1.25808813270743,"OH",72,1,5,3,3
"1075",0.353843169506316,"OH",33,1,1,NA,1
"1076",0.722227459115978,"OH",52,1,NA,NA,1
"1077",0.221366342325902,"OH",54,1,NA,NA,1
"1078",0.289015561307199,"OH",50,1,NA,NA,2
"1079",1.2319673492355,"OH",53,1,5,1,3
"1080",1.81207547136912,"OH",71,1,5,1,2
"1081",0.0948846707833209,"OH",70,1,NA,NA,2
"1082",1.66196993750934,"OH",31,1,5,1,1
"1083",1.85534508008631,"OH",28,1,5,3,1
"1084",0.635401789338048,"OH",40,1,NA,NA,2
"1085",1.37126847214498,"OH",69,1,5,3,2
"1086",0.162938722816864,"OH",69,1,NA,NA,1
"1087",0.252429714692988,"OH",67,1,NA,NA,2
"1088",1.45633890031869,"OH",42,1,5,1,2
"1089",0.371792199674601,"OH",66,1,NA,NA,2
"1090",0.607599513789028,"OH",65,1,5,2,2
"1091",0.667537503466107,"OH",69,1,5,1,3
"1092",1.27021320075922,"OH",67,1,5,1,2
"1093",0.748014221888075,"OH",66,1,5,1,1
"1094",0.742267586725828,"OH",64,1,5,1,2
"1095",1.52093904974494,"OH",65,1,5,3,3
"1096",0.623639094088095,"OH",34,1,5,3,3
"1097",2.11151960191403,"OH",76,1,5,3,2
"1098",0.570442649245548,"OH",62,1,5,2,2
"1099",1.01861035401089,"OH",32,1,NA,NA,3
"1100",0.347167332299468,"OH",56,1,5,1,3
"1101",0.120211811415363,"OH",48,1,5,3,1
"1102",0.322015236714089,"OH",47,1,NA,NA,2
"1103",0.383735463719818,"OH",68,1,3,NA,1
"1104",0.281980771800823,"OH",53,1,5,2,2
"1105",0.605954234056036,"OH",56,1,5,2,2
"1106",2.08616519040356,"OH",75,1,5,1,3
"1107",0.442373730039831,"OH",64,1,NA,NA,3
"1108",0.394366991237347,"OH",87,1,5,3,3
"1109",0.831057370788311,"OH",63,1,5,1,3
"1110",1.01280902206684,"OH",37,1,4,1,2
"1111",1.53665908162525,"OH",30,1,5,1,3
"1112",5.89835618995917,"OH",23,1,5,3,3
"1113",0.642343048620789,"OH",73,1,3,NA,3
"1114",0.556499524191666,"OH",32,2,NA,NA,NA
"1115",1.21351676187485,"OH",70,1,NA,NA,2
"1116",10.7998460361722,"OH",25,1,NA,NA,1
"1117",0.476442027069176,"OH",65,1,5,1,2
"1118",0.201936557370093,"OH",47,1,5,1,1
"1119",0.158478283039781,"OH",68,1,NA,NA,3
"1120",0.217050911065339,"OH",76,1,5,2,1
"1121",0.126805271688615,"OH",59,1,NA,NA,2
"1122",0.545462408968222,"OH",68,1,5,1,2
"1123",1.05553162206282,"OH",58,1,5,1,1
"1124",0.804842968326341,"OH",28,1,2,NA,1
"1125",0.492259124786743,"OH",61,1,5,3,2
"1126",6.20447153356621,"OH",56,1,5,3,NA
"1127",0.932484218598088,"OH",65,1,5,1,2
"1128",2.72578743714756,"OH",34,1,5,1,2
"1129",1.00194562002506,"OH",68,1,5,1,NA
"1130",0.328059246343546,"OH",69,1,5,3,2
"1131",0.832903258778177,"OH",33,1,5,1,1
"1132",0.463932675419326,"OH",58,1,NA,NA,2
"1133",2.39362408091539,"OH",46,1,5,1,3
"1134",0.595427461659562,"OH",66,1,5,3,2
"1135",0.516116409737764,"OH",69,1,5,2,2
"1136",0.387004952918398,"OH",68,1,NA,NA,2
"1137",0.673283174331171,"OH",77,1,5,3,2
"1138",0.197890558601,"OH",58,1,NA,NA,2
"1139",0.944298682425941,"OH",47,1,5,2,2
"1140",0.553696332324523,"OH",38,1,NA,NA,2
"1141",0.155919443163371,"OH",57,1,5,3,1
"1142",1.37579135784395,"OH",77,1,5,1,3
"1143",0.420180828344536,"OH",69,1,5,3,3
"1144",1.56849656779924,"OH",38,1,5,1,2
"1145",0.843086899181968,"OH",77,1,5,1,2
"1146",0.268764997969585,"OH",52,2,NA,NA,NA
"1147",0.475898364662644,"OH",62,1,5,1,2
"1148",2.90089603363859,"OH",40,2,NA,NA,NA
"1149",0.656164546665632,"OH",61,1,5,1,2
"1150",0.932484218598088,"OH",61,1,5,3,3
"1151",0.753068496081898,"OH",54,1,3,NA,1
"1152",1.65605788188259,"OH",41,1,5,3,1
"1153",0.533404294169134,"OH",76,1,NA,NA,2
"1154",0.655415805000848,"OH",63,1,5,3,3
"1155",1.67506734200886,"OH",59,1,5,1,1
"1156",0.690513623339364,"OH",50,1,5,1,3
"1157",1.56564901719742,"OH",36,2,2,NA,NA
"1158",3.39538678996155,"OH",25,1,5,2,2
"1159",0.29006673732233,"OH",62,1,NA,NA,3
"1160",0.277815490374851,"OH",85,1,NA,NA,3
"1161",0.401661928044622,"OH",67,1,5,1,2
"1162",8.64629280219537,"OH",38,1,5,1,3
"1163",0.337348685440227,"OH",55,1,NA,NA,2
"1164",0.442339585065836,"OH",61,1,5,1,3
"1165",0.138676237979081,"OH",41,2,NA,NA,NA
"1166",2.80832577482041,"OH",49,1,5,1,2
"1167",0.310190252790651,"OH",36,1,NA,NA,2
"1168",0.19587601927194,"OH",61,1,5,1,3
"1169",2.31484548973969,"OH",26,1,NA,NA,2
"1170",0.383375178559969,"OH",62,1,NA,NA,3
"1171",1.13534204648961,"OH",57,1,5,1,1
"1172",1.36646829246702,"OH",26,1,5,1,3
"1173",0.347427292337828,"OH",66,1,NA,NA,2
"1174",0.474286868352651,"OH",37,1,5,1,1
"1175",1.14015949367072,"OH",65,1,NA,NA,1
"1176",0.0982650984998616,"OH",54,1,5,1,1
"1177",1.18373889929148,"OH",44,1,5,1,3
"1178",0.798508469138786,"OH",68,1,5,1,3
"1179",0.529534279803863,"OH",54,2,NA,NA,NA
"1180",0.394080741283474,"OH",57,1,NA,NA,2
"1181",0.46580490681188,"OH",53,1,5,3,1
"1182",0.76243453659898,"OH",62,1,5,1,3
"1183",0.156985193501645,"OH",58,1,NA,NA,2
"1184",0.826502039196429,"OH",77,1,5,1,1
"1185",0.33008100418677,"OH",57,1,5,1,2
"1186",1.17052116036557,"OH",59,1,5,1,3
"1187",0.584479942386231,"OH",41,1,NA,NA,2
"1188",1.26107298091742,"OH",35,1,5,1,1
"1189",1.27891558298043,"OH",57,1,5,1,3
"1190",2.65484711123031,"OH",42,1,5,1,1
"1191",0.63808272117801,"OH",64,1,NA,NA,3
"1192",0.22070912434828,"OH",52,1,5,1,2
"1193",0.271469867607157,"OH",72,1,NA,NA,3
"1194",1.35370985416165,"OH",58,1,5,1,3
"1195",0.189365579715731,"OH",68,1,5,3,2
"1196",0.455184524221949,"OH",66,1,5,1,3
"1197",0.659683001623715,"OH",32,1,5,3,2
"1198",0.199721450643011,"OH",67,1,5,1,1
"1199",1.11370605087864,"OH",81,1,5,3,3
"1200",0.618793425854181,"OH",56,1,NA,NA,1
"1201",0.520979932430849,"OH",28,1,NA,NA,2
"1202",0.510652852642594,"OH",62,1,5,1,2
"1203",0.581196446377906,"OH",31,1,5,1,2
"1204",2.14553220814256,"OH",45,1,NA,NA,1
"1205",0.859855440145484,"OH",71,1,5,3,2
"1206",7.3556327203344,"OH",27,2,5,3,NA
"1207",1.7262787327396,"OH",59,2,NA,NA,NA
"1208",1.03600630573307,"OH",59,1,5,3,2
"1209",0.784326472084978,"OH",58,1,NA,NA,1
"1210",0.631908641334268,"OH",41,2,NA,NA,NA
"1211",0.606917091824988,"OH",47,1,5,1,2
"1212",0.364212661541321,"OH",68,1,5,3,3
"1213",1.18915640768485,"OH",25,1,5,1,1
"1214",1.23334560934362,"OH",48,1,5,1,2
"1215",1.1082297290412,"OH",37,1,5,1,2
"1216",1.00194562002506,"OH",69,1,5,1,3
"1217",0.682676084782096,"OH",38,1,5,3,1
"1218",0.41669175518603,"OH",51,1,NA,NA,2
"1219",2.15399043394794,"OH",33,1,5,2,2
"1220",0.66539221083247,"OH",32,1,5,3,2
"1221",0.607599513789028,"OH",66,1,5,1,2
"1222",0.933292901654909,"OH",78,2,NA,NA,NA
"1223",1.19405667224725,"OH",76,1,5,1,2
"1224",0.646820401311161,"OH",69,1,5,1,2
"1225",1.78833976665498,"OH",65,1,5,1,1
"1226",3.76761329388502,"OH",36,1,5,2,1
"1227",0.656164546665632,"OH",62,1,5,NA,2
"1228",0.955111565518949,"OH",60,1,5,3,2
"1229",1.30422859730334,"OH",57,1,5,2,2
"1230",1.09050050821914,"OH",78,1,5,1,2
"1231",0.466255342991784,"OH",67,1,5,3,1
"1232",0.106896484815546,"OH",30,1,1,NA,3
"1233",1.31449059313564,"OH",30,1,5,3,2
"1234",2.10985418109894,"OH",62,1,1,NA,2
"1235",1.82099696386382,"OH",80,1,5,3,1
"1236",2.69404920519971,"OH",74,1,5,1,2
"1237",1.49769003544875,"OH",71,1,5,3,1
"1238",1.85363942261378,"OH",59,1,5,3,3
"1239",0.693408584985527,"OH",27,1,1,NA,1
"1240",1.06006182526885,"OH",33,2,5,1,NA
"1241",0.353660805544961,"OH",32,1,5,1,2
"1242",0.335834303368031,"OH",31,3,4,4,NA
"1243",0.448242900090152,"OH",55,1,1,NA,3
"1244",2.00525342846992,"OH",75,1,5,3,3
"1245",0.0681967280762557,"OH",56,2,NA,NA,NA
"1246",0.460144600221791,"OH",55,2,NA,NA,NA
"1247",0.548369159454743,"OH",27,1,5,1,2
"1248",0.518007577570746,"OH",25,1,5,3,3
"1249",0.901976359135527,"OH",66,1,5,3,2
"1250",1.76961242324199,"OH",25,2,3,NA,NA
"1251",1.42265479318504,"OH",55,1,5,1,3
"1252",0.259569209846173,"OH",30,1,1,NA,1
"1253",0.633779956542874,"OH",32,1,NA,NA,1
"1254",1.90890286134734,"OH",78,1,5,1,3
"1255",0.793566322053674,"OH",34,1,5,1,2
"1256",1.4917011876412,"OH",25,1,NA,NA,3
"1257",0.391217843577525,"OH",40,2,NA,NA,NA
"1258",0.378775577307798,"OH",68,1,NA,NA,2
"1259",0.0681967280762557,"OH",64,1,NA,NA,3
"1260",0.30978769248279,"OH",35,1,NA,NA,2
"1261",0.336118244670132,"OH",32,1,NA,NA,2
"1262",1.02638931240167,"OH",37,1,5,1,3
"1263",0.252686369227432,"OH",35,1,NA,NA,4
"1264",1.07756777705707,"OH",54,1,5,1,2
"1265",0.620342008741766,"OH",69,1,5,1,3
"1266",0.606906189113398,"OH",63,1,5,3,1
"1267",1.2334161141555,"OH",71,1,1,NA,1
"1268",0.840215360859226,"OH",75,1,5,1,2
"1269",0.492618809316087,"OH",59,2,4,3,NA
"1270",0.919064942753893,"OH",65,1,3,NA,2
"1271",0.674793571631359,"OH",74,1,5,3,3
"1272",0.498241441567764,"OH",70,1,3,NA,1
"1273",1.00804950821491,"OH",52,1,5,1,1
"1274",1.91176384834089,"OH",44,1,5,3,2
"1275",0.99718454017239,"OH",36,2,NA,NA,NA
"1276",1.6853579506518,"OH",73,1,5,1,1
"1277",1.19521571636347,"OH",50,1,5,2,1
"1278",2.21606787099531,"OH",46,1,5,1,1
"1279",3.39613049531473,"OH",31,1,5,2,2
"1280",1.29801319857887,"OH",82,1,5,3,1
"1281",0.613094459572905,"OH",65,1,5,1,1
"1282",0.723659716331478,"OH",23,2,NA,NA,NA
"1283",0.663241055426471,"OH",73,1,5,1,3
"1284",0.699387729143117,"OH",66,1,5,1,2
"1285",0.504391584291146,"OH",79,1,5,3,3
"1286",0.659683001623715,"OH",33,1,5,1,2
"1287",1.68331429471914,"OH",61,1,5,3,1
"1288",0.753982771511355,"OH",73,1,3,NA,3
"1289",0.527947098524662,"OH",84,1,5,3,2
"1290",0.710410386922088,"OH",75,1,5,3,2
"1291",0.978155311681672,"OH",68,1,5,1,3
"1292",0.605142021067577,"OH",25,1,5,3,2
"1293",0.574957292534854,"OH",67,1,5,1,3
"1294",0.829267271504271,"OH",59,1,4,4,3
"1295",0.955111565518949,"OH",60,1,5,2,2
"1296",0.203404663101663,"OH",69,1,NA,NA,3
"1297",0.598537076472116,"OH",61,1,5,1,3
"1298",0.763826854839459,"OH",68,1,5,1,3
"1299",0.849624840279292,"OH",37,3,5,3,NA
"1300",0.0681967280762557,"OH",69,1,NA,NA,1
"1301",0.126805271688615,"OH",59,1,NA,NA,3
"1302",0.8916731265898,"OH",57,1,5,3,2
"1303",0.844364739617012,"OH",58,1,5,3,3
"1304",1.46578781730111,"OH",80,1,5,1,3
"1305",0.371144327526364,"OH",63,1,5,3,2
"1306",3.35392967071362,"OH",47,1,5,1,1
"1307",1.10886588710746,"OH",54,1,5,1,1
"1308",0.545462408968222,"OH",67,1,5,3,2
"1309",1.00041192480034,"OH",29,1,5,1,3
"1310",0.532912202946177,"OH",35,1,5,1,2
"1311",0.444894531660641,"OH",56,1,5,1,1
"1312",0.656164546665632,"OH",61,1,5,3,2
"1313",0.789035595787596,"OH",34,1,5,1,2
"1314",2.00525342846992,"OH",73,1,5,3,3
"1315",1.02854917875482,"OH",64,1,5,3,3
"1316",0.78449035781661,"OH",52,2,NA,NA,NA
"1317",0.308566079673516,"OH",31,1,5,1,2
"1318",0.90724464023881,"OH",76,1,5,1,2
"1319",0.362331835295966,"OH",58,1,5,3,2
"1320",0.682781389043061,"OH",60,1,5,1,2
"1321",1.42893229354573,"OH",24,1,5,3,3
"1322",0.451683994701602,"OH",35,1,NA,NA,2
"1323",0.927041504987887,"OH",65,1,5,2,3
"1324",0.742267586725828,"OH",58,1,5,3,2
"1325",1.35827771821808,"OH",65,1,5,2,3
"1326",0.455184524221949,"OH",67,1,5,1,3
"1327",1.25504506117119,"OH",30,1,5,3,3
"1328",1.27059475894198,"OH",56,1,5,3,3
"1329",0.932484218598088,"OH",57,1,5,1,1
"1330",1.28706644052335,"OH",57,1,5,3,2
"1331",1.32602662086655,"OH",57,1,5,3,3
"1332",1.35474369871341,"OH",34,1,5,1,3
"1333",0.501136390372319,"OH",54,1,1,NA,3
"1334",1.32721757151767,"OH",46,1,5,1,1
"1335",0.622377309921917,"OH",63,1,5,1,1
"1336",1.31827253782623,"OH",34,1,5,3,1
"1337",0.353660805544961,"OH",26,1,5,3,2
"1338",1.49769003544875,"OH",74,1,5,3,3
"1339",4.07266279571412,"OH",42,1,5,1,1
"1340",0.949087481683088,"OH",76,1,5,1,2
"1341",8.71792201030078,"OH",40,1,NA,NA,1
"1342",1.45633890031869,"OH",46,1,5,1,2
"1343",1.1246238442869,"OH",57,1,5,1,3
"1344",1.98996858009214,"OH",63,1,5,3,1
"1345",0.578145478877984,"OH",55,1,NA,NA,2
"1346",1.82639736763823,"OH",51,1,5,1,3
"1347",1.00804950821491,"OH",56,1,5,2,2
"1348",1.27253536931752,"OH",50,1,1,NA,3
"1349",1.05553250369038,"OH",74,1,5,1,2
"1350",0.596552580470435,"OH",27,1,5,3,1
"1351",0.742267586725828,"OH",58,1,5,3,2
"1352",1.52093904974494,"OH",59,1,5,1,3
"1353",2.75702275038352,"OH",76,1,5,3,3
"1354",2.88600326162726,"OH",48,1,2,NA,1
"1355",0.475334035920706,"OH",56,1,NA,NA,1
"1356",0.67212352240573,"OH",61,1,5,3,2
"1357",1.45245862623804,"OH",74,1,5,1,2
"1358",0.788820939965231,"OH",23,1,5,3,1
"1359",6.68306366129047,"OH",71,1,5,3,3
"1360",0.477504494563616,"OH",37,2,NA,NA,NA
"1361",0.835389204988771,"OH",84,3,2,NA,NA
"1362",2.84140915865756,"OH",60,2,NA,NA,NA
"1363",0.550500801328166,"OH",33,1,5,1,3
"1364",1.43581260068972,"OH",76,1,5,2,3
"1365",0.441700771737809,"OH",62,1,NA,NA,1
"1366",0.846603137290882,"OH",32,1,NA,NA,3
"1367",0.733876192380962,"OH",56,1,5,1,2
"1368",0.449858478686642,"OH",26,1,NA,NA,2
"1369",1.44602726154887,"OH",25,1,5,1,2
"1370",1.80769241175264,"OH",23,1,5,1,2
"1371",0.624533866092577,"OH",50,1,5,1,1
"1372",1.89697825257203,"OH",80,1,5,3,3
"1373",0.504391584291146,"OH",73,1,5,1,3
"1374",1.00825586450367,"OH",43,2,NA,NA,NA
"1375",0.572151640197098,"OH",59,3,NA,NA,NA
"1376",0.817079925721619,"OH",58,2,1,NA,NA
"1377",0.496071669018269,"OH",64,1,5,1,2
"1378",1.1977185424176,"OH",26,1,NA,NA,2
"1379",0.794843144997772,"OH",65,1,5,3,1
"1380",3.14627725844055,"OH",53,1,5,3,4
"1381",2.71733982532071,"OH",43,1,5,3,1
"1382",0.988066151324532,"OH",73,1,5,1,2
"1383",1.23630755411823,"OH",51,1,5,1,3
"1384",2.65484711123031,"OH",49,1,5,1,3
"1385",0.578145478877984,"OH",61,1,NA,NA,1
"1386",0.180060774587308,"OH",27,1,NA,NA,4
"1387",9.62167802884536,"OH",44,1,5,1,1
"1388",0.753890924543011,"OH",55,2,NA,NA,NA
"1389",1.41393359476852,"OH",60,1,5,1,3
"1390",1.86530134207303,"OH",71,1,5,3,3
"1391",0.686946234671935,"OH",47,1,5,2,1
"1392",1.05553250369038,"OH",74,1,5,1,1
"1393",1.19230465477051,"OH",78,1,5,1,3
"1394",1.73270453444118,"OH",62,1,5,1,2
"1395",0.556499524191666,"OH",32,2,NA,NA,NA
"1396",2.15399043394794,"OH",32,1,5,3,1
"1397",0.474395830119453,"OH",49,1,5,2,1
"1398",0.425218627160444,"OH",78,1,NA,NA,2
"1399",0.19587601927194,"OH",61,1,5,1,1
"1400",0.545462408968222,"OH",69,1,5,1,2
"1401",0.742267586725828,"OH",64,1,5,1,3
"1402",1.00527081349854,"OH",24,1,1,NA,4
"1403",4.7868082379018,"OH",60,1,5,1,1
"1404",1.37579169399228,"OH",60,1,3,NA,2
"1405",0.550500801328166,"OH",31,1,5,1,3
"1406",1.36856629567228,"OH",49,1,5,1,3
"1407",1.06405501417358,"OH",28,1,5,2,1
"1408",1.29382291647526,"OH",37,1,5,1,3
"1409",0.944550670771872,"OH",59,1,5,1,4
"1410",1.44854655405552,"OH",44,2,NA,NA,NA
"1411",1.35370985416165,"OH",54,1,5,2,1
"1412",0.223614451062174,"OH",50,1,NA,NA,2
"1413",3.31909190740777,"OH",56,1,5,1,4
"1414",0.253759221816557,"OH",84,1,5,1,3
"1415",1.1211380364678,"OH",26,2,NA,NA,NA
"1416",0.818736340536649,"OH",60,1,5,2,2
"1417",0.623197093508561,"OH",55,1,5,1,3
"1418",0.867574478631221,"OH",76,1,5,1,2
"1419",6.12630577600804,"OH",26,1,5,1,1
"1420",1.75355075966214,"OH",55,1,5,3,3
"1421",1.37126847214498,"OH",69,1,5,3,2
"1422",1.43581260068972,"OH",76,1,5,1,3
"1423",0.321258323778449,"OH",74,1,5,3,2
"1424",0.218444080747088,"OH",31,1,NA,NA,2
"1425",4.18151903593113,"OH",48,1,5,2,1
"1426",0.765703337016712,"OH",64,2,NA,NA,NA
"1427",1.50005068642931,"OH",70,1,5,1,3
"1428",0.801347510637458,"OH",60,1,5,2,1
"1429",1.12074396516573,"OH",73,1,5,1,2
"1430",0.455184524221949,"OH",69,1,5,3,3
"1431",1.85364910496727,"OH",73,1,5,3,3
"1432",1.58145882604141,"OH",80,1,5,1,2
"1433",1.50969988170359,"OH",85,1,5,3,1
"1434",1.82245196808567,"OH",25,1,NA,NA,2
"1435",1.47551715454438,"OH",68,1,5,1,2
"1436",0.656162560203775,"OH",43,1,5,1,2
"1437",0.835389204988771,"OH",73,1,3,NA,2
"1438",0.646820401311161,"OH",63,1,5,1,2
"1439",1.39616989794931,"OH",43,1,5,3,2
"1440",2.03851479729001,"OH",72,1,5,2,3
"1441",0.656164546665632,"OH",63,1,5,3,2
"1442",1.19230465477051,"OH",75,1,5,1,1
"1443",1.35370985416165,"OH",54,1,5,3,3
"1444",1.78750740955177,"OH",28,1,5,1,1
"1445",0.565664853771238,"OH",76,1,5,2,1
"1446",0.843086899181968,"OH",74,1,5,1,2
"1447",0.604428828288974,"OH",79,1,5,1,2
"1448",1.49519208807348,"OH",32,1,5,1,1
"1449",0.397275564203789,"OH",68,1,5,1,2
"1450",1.74947884851243,"OH",57,1,5,2,1
"1451",0.158325099864309,"OH",45,1,5,1,1
"1452",0.974823732854136,"OH",54,1,5,1,3
"1453",0.239424668041826,"OH",32,2,NA,NA,NA
"1454",1.12779914767751,"OH",57,1,5,1,1
"1455",0.576849318203488,"OH",43,2,NA,NA,NA
"1456",1.59620355330173,"OH",70,1,5,1,1
"1457",0.142385461473623,"OH",29,1,5,3,1
"1458",0.657015764772706,"OH",62,1,5,3,1
"1459",1.73975580646602,"OH",56,1,5,1,2
"1460",0.598077380205855,"OH",31,1,5,1,1
"1461",0.843086899181968,"OH",73,1,5,3,2
"1462",1.85363942261378,"OH",59,1,5,3,3
"1463",0.0876295411465272,"OH",61,2,NA,NA,NA
"1464",0.499137608889199,"OH",34,1,NA,NA,2
"1465",3.74691243837731,"OH",33,1,5,2,2
"1466",5.3926641493571,"OH",43,1,5,1,1
"1467",1.28166022197299,"OH",76,2,NA,NA,NA
"1468",0.616094933005865,"OH",77,1,5,1,1
"1469",1.80962640180698,"OH",55,1,5,1,1
"1470",2.21833735431242,"OH",35,1,5,3,1
"1471",1.47552486180314,"OH",76,1,5,1,2
"1472",0.115909106807044,"OH",48,2,NA,NA,NA
"1473",0.67205727282454,"OH",54,1,5,3,2
"1474",0.78467268121077,"OH",47,1,NA,NA,1
"1475",0.335834303368031,"OH",29,1,NA,NA,2
"1476",0.680426279523013,"OH",50,1,NA,NA,1
"1477",1.1033068001369,"OH",62,1,5,1,2
"1478",1.33831828963604,"OH",26,1,5,3,2
"1479",0.646820401311161,"OH",60,1,5,1,2
"1480",0.322457301710149,"OH",33,2,NA,NA,NA
"1481",1.38105337712583,"OH",52,2,NA,NA,NA
"1482",0.606917091824988,"OH",48,1,5,3,2
"1483",1.87360343310315,"OH",31,1,5,1,1
"1484",2.71177663357036,"OH",39,2,NA,NA,NA
"1485",0.878615787311755,"OH",57,1,5,1,3
"1486",0.750381953099069,"OH",47,1,NA,NA,2
"1487",0.825476471407277,"OH",52,1,5,2,2
"1488",0.973063301596053,"OH",32,1,NA,NA,1
"1489",1.02675600077933,"OH",31,1,NA,NA,3
"1490",0.370753753102361,"OH",34,1,2,NA,1
"1491",2.28921999974334,"OH",34,1,5,3,3
"1492",1.10994760955218,"OH",27,1,5,1,1
"1493",1.21068403678565,"OH",65,1,5,1,1
"1494",1.61757761923518,"OH",27,1,5,3,3
"1495",0.717450559312168,"OH",30,2,NA,NA,NA
"1496",0.53325566776051,"OH",28,1,5,2,2
"1497",0.0897608323422796,"OH",64,2,NA,NA,NA
"1498",2.87694929569608,"OH",30,1,5,1,1
"1499",0.864112607399517,"OH",29,1,5,1,3
"1500",1.06405501417358,"OH",29,1,5,1,1
"1501",1.50636290022372,"OH",31,1,5,1,1
"1502",0.561444733110979,"OH",31,1,NA,NA,2
"1503",0.0876295411465272,"OH",58,2,NA,NA,NA
"1504",1.0193350961575,"OH",30,1,5,3,1
"1505",0.93243329017955,"OH",52,1,5,1,3
"1506",0.252864638757561,"OH",68,1,5,1,1
"1507",0.289673387132327,"OH",49,1,5,1,2
"1508",0.605142021067577,"OH",33,1,5,1,1
"1509",1.60492039824263,"OH",44,1,5,1,2
"1510",0.90401794263765,"OH",55,2,NA,NA,NA
"1511",0.510652852642594,"OH",59,1,5,1,2
"1512",1.18603693475292,"OH",44,1,5,1,2
"1513",1.05510390121182,"OH",40,1,NA,NA,3
"1514",2.37793761320053,"OH",47,1,5,1,2
"1515",0.56041125062867,"OH",60,1,5,3,3
"1516",0.77862227388316,"OH",65,1,5,1,2
"1517",2.05127352507748,"OH",47,1,5,1,3
"1518",1.05553162206282,"OH",50,1,5,1,2
"1519",1.42628960228795,"OH",56,1,5,1,3
"1520",0.4193871941552,"OH",60,1,NA,NA,3
"1521",0.384737745241428,"OH",28,1,NA,NA,3
"1522",0.741978528761247,"OH",71,1,5,3,4
"1523",0.840215360859226,"OH",75,1,5,1,2
"1524",0.300558382551678,"OH",54,1,5,1,1
"1525",0.772226762766213,"OH",56,1,4,4,3
"1526",0.900011585997883,"OH",35,2,NA,NA,NA
"1527",1.07166583272968,"OH",37,1,5,1,1
"1528",0.467460439776914,"OH",34,1,5,3,1
"1529",0.550500801328166,"OH",31,1,5,1,3
"1530",2.50514062120204,"OH",53,1,5,1,1
"1531",0.526670096742042,"OH",29,1,5,1,2
"1532",0.188569193011984,"OH",30,1,5,1,4
"1533",1.24012981722315,"OH",59,1,5,1,2
"1534",1.89238982957114,"OH",28,1,5,1,3
"1535",0.789035595787596,"OH",34,1,5,1,2
"1536",7.06745520166448,"OH",31,1,5,1,1
"1537",1.18915640768485,"OH",31,1,5,1,3
"1538",0.373962431719488,"OH",31,1,NA,NA,2
"1539",0.214943054586981,"OH",49,1,5,1,3
"1540",1.37885514606849,"OH",68,1,5,1,1
"1541",1.72589654781456,"OH",33,1,5,1,2
"1542",1.12774772042516,"OH",30,1,5,1,3
"1543",1.03600630573307,"OH",59,1,5,3,2
"1544",0.248196525895004,"OH",45,1,NA,NA,2
"1545",3.05427920031587,"OH",30,1,5,1,2
"1546",0.394080741283474,"OH",62,1,NA,NA,2
"1547",0.949087481683088,"OH",71,1,5,3,3
"1548",6.19189816586169,"OH",78,1,5,3,2
"1549",4.64336635552335,"OH",30,1,5,1,2
"1550",7.47396642054036,"OH",46,1,5,1,3
"1551",1.12779914767751,"OH",66,1,5,1,2
"1552",1.76961242324199,"OH",24,1,NA,NA,1
"1553",0.220850385868905,"OH",34,1,5,3,2
"1554",2.06040058746214,"OH",35,2,5,1,NA
"1555",0.690513623339364,"OH",65,1,5,1,1
"1556",1.82810123905886,"OH",26,1,5,3,2
"1557",0.394858190648707,"OH",53,1,NA,NA,2
"1558",2.02864189930322,"OH",35,1,5,1,2
"1559",0.746216594620598,"OH",55,1,5,2,2
"1560",3.28838181745104,"OH",45,1,5,1,1
"1561",0.218444080747088,"OH",27,1,NA,NA,2
"1562",1.12915507858859,"OH",31,2,NA,NA,NA
"1563",1.76865191453246,"OH",61,2,NA,NA,NA
"1564",1.42032967517197,"OH",35,1,5,1,2
"1565",0.782265499570405,"OH",25,1,5,1,2
"1566",0.592085659116253,"OH",34,1,5,1,1
"1567",0.897699459336735,"OH",29,1,5,1,1
"1568",0.944900030943173,"OH",27,1,5,1,1
"1569",1.19850237724457,"OH",33,1,5,1,2
"1570",0.67212352240573,"OH",65,1,5,2,2
"1571",2.75702275038352,"OH",76,1,5,1,3
"1572",2.43667761681442,"OH",63,1,5,3,1
"1573",0.384737745241428,"OH",28,2,NA,NA,NA
"1574",0.586668890048849,"OH",31,3,3,NA,NA
"1575",0.321644315713808,"OH",65,1,NA,NA,2
"1576",0.173732160186353,"OH",70,1,5,1,1
"1577",0.985630466513282,"OH",26,1,NA,NA,1
"1578",2.14503276454782,"OH",44,1,5,1,1
"1579",2.56915325849204,"OH",34,1,5,1,2
"1580",3.38428269535206,"OH",80,1,5,2,3
"1581",0.200640038686754,"OH",69,1,5,1,3
"1582",1.35827771821808,"OH",69,1,5,3,3
"1583",0.693162492304586,"OH",47,1,NA,NA,2
"1584",6.33159389005642,"OH",37,1,5,1,2
"1585",0.162938722816864,"OH",61,1,NA,NA,2
"1586",0.87486386215128,"OH",30,1,5,3,3
"1587",1.11370605087864,"OH",73,1,5,3,1
"1588",0.474538248487753,"OH",30,1,5,3,2
"1589",0.920412541636121,"OH",81,1,5,1,2
"1590",2.74730821244933,"OH",37,1,5,1,2
"1591",1.35781987334653,"OH",33,1,NA,NA,3
"1592",1.18330949215224,"OH",70,1,5,1,3
"1593",0.173419705885181,"OH",30,1,NA,NA,2
"1594",0.784326472084978,"OH",58,2,NA,NA,NA
"1595",1.46578781730111,"OH",71,1,5,1,3
"1596",0.863721488901995,"OH",78,2,NA,NA,NA
"1597",1.00555688056758,"OH",26,1,5,1,3
"1598",2.08890724584032,"OH",34,1,5,1,2
"1599",2.00040310878842,"OH",24,1,5,3,3
"1600",1.21928019949953,"OH",28,1,5,2,4
"1601",0.919647515136891,"OH",25,1,1,NA,1
"1602",0.442373730039831,"OH",58,2,NA,NA,NA
"1603",1.77940331558235,"OH",74,1,5,1,3
"1604",0.350626319275177,"OH",30,1,5,1,2
"1605",0.372366245156632,"OH",64,1,NA,NA,3
"1606",1.26836509618344,"OH",71,1,5,3,3
"1607",1.14292245686128,"OH",70,1,5,2,2
"1608",1.6576092216498,"OH",56,1,5,1,2
"1609",1.33866540580522,"OH",78,1,5,3,3
"1610",0.0968677326746435,"OH",26,1,NA,NA,3
"1611",0.93550501620655,"OH",31,1,5,2,2
"1612",1.92843357558416,"OH",60,1,5,1,3
"1613",1.74702643591857,"OH",62,1,5,3,2
"1614",1.02139934556517,"OH",31,1,5,3,1
"1615",0.904850584625221,"OH",30,1,5,3,2
"1616",0.878615787311755,"OH",62,1,5,1,3
"1617",0.659683001623715,"OH",33,1,5,3,2
"1618",0.561155375298152,"OH",28,1,5,2,2
"1619",0.607656075712649,"OH",58,1,NA,NA,2
"1620",1.09384135324988,"OH",66,1,5,1,3
"1621",0.508654542095952,"OH",34,1,NA,NA,3
"1622",0.43183863823765,"OH",32,2,5,1,NA
"1623",0.237485965653566,"OH",48,1,5,2,2
"1624",1.21058149985242,"OH",23,1,4,4,1
"1625",0.913360049279628,"OH",66,1,5,3,2
"1626",0.746216594620598,"OH",55,1,5,2,2
"1627",0.208589810612614,"OH",53,2,NA,NA,NA
"1628",0.789421748354315,"OH",66,2,NA,NA,NA
"1629",0.492870705031345,"OH",83,1,5,1,3
"1630",0.80372229134286,"OH",76,1,5,1,2
"1631",2.00525342846992,"OH",75,1,5,3,3
"1632",0.965562361406283,"OH",27,1,5,2,3
"1633",3.05666697751286,"OH",24,2,NA,NA,NA
"1634",1.37402484676975,"OH",54,1,5,2,2
"1635",1.19405667224725,"OH",70,1,5,1,2
"1636",0.21697399652028,"OH",69,1,NA,NA,2
"1637",0.781870352275109,"OH",67,1,5,2,3
"1638",3.16522815423135,"OH",34,1,5,2,2
"1639",0.147526519616521,"OH",67,1,NA,NA,2
"1640",0.242441027117781,"OH",63,1,NA,NA,2
"1641",1.01595576127068,"OH",30,2,NA,NA,NA
"1642",1.49769003544875,"OH",74,1,5,3,3
"1643",0.67212352240573,"OH",61,1,5,1,2
"1644",1.05913991457149,"OH",73,1,5,3,1
"1645",0.161960949531254,"OH",41,1,NA,NA,2
"1646",1.60923542866834,"OH",32,2,NA,NA,NA
"1647",1.69970495648464,"OH",35,2,NA,NA,NA
"1648",0.475898364662644,"OH",61,1,5,1,2
"1649",0.282982969193755,"OH",32,1,5,1,1
"1650",0.571586831363348,"OH",37,1,2,NA,1
"1651",1.05553162206282,"OH",58,1,5,1,1
"1652",4.71182154431175,"OH",35,1,5,2,3
"1653",0.998750371724158,"OH",27,1,5,3,1
"1654",0.776251374754635,"OH",32,1,5,1,1
"1655",1.23043271945385,"OH",28,1,NA,NA,3
"1656",0.848241630462467,"OH",33,1,5,3,2
"1657",0.305836278304797,"OH",34,1,4,1,1
"1658",1.4700175096635,"OH",47,1,5,1,3
"1659",0.605612539026678,"OH",54,1,4,2,3
"1660",0.82431604924071,"OH",60,1,5,1,3
"1661",0.0675542184574445,"OH",67,1,NA,NA,2
"1662",0.674793571631359,"OH",72,1,5,1,3
"1663",0.922499732576258,"OH",48,1,NA,NA,1
"1664",0.902848567706346,"OH",61,1,NA,NA,2
"1665",0.696975339576643,"OH",55,1,NA,NA,3
"1666",0.812691168710181,"OH",44,1,NA,NA,1
"1667",1.65501441455964,"OH",66,1,5,3,1
"1668",0.193276053861496,"OH",59,1,NA,NA,2
"1669",8.48319262871348,"OH",29,1,NA,NA,1
"1670",0.528099637981551,"OH",33,1,NA,NA,1
"1671",1.06609725691044,"OH",62,1,5,3,3
"1672",1.38970272313032,"OH",38,1,5,1,1
"1673",0.931035446878756,"OH",34,1,NA,NA,3
"1674",0.22654356751393,"OH",31,1,NA,NA,2
"1675",1.43608794931517,"OH",57,1,5,1,3
"1676",0.295998099895373,"OH",33,2,NA,NA,NA
"1677",0.619491629232524,"OH",34,1,5,1,3
"1678",1.11661809635488,"OH",68,1,5,1,3
"1679",2.27093931647251,"OH",26,1,5,1,1
"1680",1.01938860589982,"OH",46,1,NA,NA,3
"1681",2.8280440689685,"OH",33,2,NA,NA,NA
"1682",2.09063842853942,"OH",23,1,NA,NA,1
"1683",6.50580199392659,"OH",54,1,5,1,3
"1684",0.927041504987887,"OH",54,1,5,1,1
"1685",0.152706231639041,"OH",32,1,5,1,1
"1686",1.8149143644256,"OH",50,1,5,2,2
"1687",3.32660541428659,"OH",70,1,5,1,2
"1688",0.739311041330231,"OH",71,1,5,3,1
"1689",0.166901654276314,"OH",57,2,NA,NA,NA
"1690",1.16627336540661,"OH",61,1,5,3,3
"1691",0.86272811744957,"OH",61,2,NA,NA,NA
"1692",3.86997441185801,"OH",33,1,5,1,1
"1693",2.57019018786799,"OH",78,1,5,1,3
"1694",0.787116590540851,"OH",52,1,5,1,1
"1695",1.21292009078042,"OH",70,1,5,1,2
"1696",0.66096241162138,"OH",29,1,NA,NA,2
"1697",0.920412541636121,"OH",71,1,5,1,2
"1698",0.942883360161822,"OH",32,1,5,3,2
"1699",1.21834106101835,"OH",39,1,NA,NA,2
"1700",0.217745151135746,"OH",29,2,NA,NA,NA
"1701",1.96426337517301,"OH",40,1,5,3,1
"1702",1.05553250369038,"OH",74,1,5,3,2
"1703",4.1339983458632,"OH",25,1,NA,NA,3
"1704",1.00968756579902,"OH",80,1,5,1,3
"1705",1.85364910496727,"OH",77,1,5,1,3
"1706",2.57019018786799,"OH",84,1,5,1,1
"1707",1.11370605087864,"OH",74,1,5,3,3
"1708",0.160273523542433,"OH",63,1,NA,NA,2
"1709",1.49039960809081,"OH",30,3,NA,NA,NA
"1710",1.08120384656048,"OH",54,1,5,1,2
"1711",1.35474369871341,"OH",26,1,5,1,3
"1712",0.662861754570123,"OH",39,2,NA,NA,NA
"1713",0.955111565518949,"OH",66,1,5,1,2
"1714",1.43581260068972,"OH",75,1,5,3,3
"1715",0.794843144997772,"OH",57,1,5,2,2
"1716",1.27253536931752,"OH",60,1,NA,NA,3
"1717",0.099311463210708,"OH",63,1,NA,NA,1
"1718",1.24112144226565,"OH",57,1,1,NA,1
"1719",0.533814015677234,"OH",26,3,3,NA,NA
"1720",0.212093220617098,"OH",73,1,5,1,3
"1721",0.394366991237347,"OH",74,1,5,1,3
"1722",0.168828511934544,"OH",88,1,5,3,2
"1723",1.38281214557507,"OH",45,1,5,2,2
"1724",0.349787281059762,"OH",62,2,NA,NA,NA
"1725",0.297121626294097,"OH",55,1,NA,NA,3
"1726",1.76457376783224,"OH",68,1,5,1,3
"1727",0.796056079956429,"OH",74,1,NA,NA,3
"1728",0.590622984240948,"OH",85,1,5,3,2
"1729",1.14176549088893,"OH",75,1,5,1,2
"1730",0.197670918802606,"OH",77,1,5,2,3
"1731",1.59573499801226,"OH",27,1,5,3,2
"1732",0.643794942770237,"OH",32,2,5,1,NA
"1733",0.372103597683037,"OH",34,1,5,1,2
"1734",0.393622114017164,"OH",74,1,NA,NA,1
"1735",0.174289780857973,"OH",46,1,NA,NA,2
"1736",0.173732160186353,"OH",83,1,5,1,3
"1737",1.97733965804191,"OH",32,1,1,NA,2
"1738",0.303212136831478,"OH",32,1,NA,NA,3
"1739",0.620342008741766,"OH",64,1,4,4,1
"1740",1.43581260068972,"OH",83,1,5,1,3
"1741",1.15628135328029,"OH",72,1,5,3,3
"1742",2.2104630829746,"OH",60,1,5,2,3
"1743",0.328566202523434,"OH",69,1,5,3,2
"1744",0.99140778644923,"OH",40,1,NA,NA,1
"1745",0.796056079956429,"OH",75,1,NA,NA,3
"1746",0.647522524387039,"OH",38,1,5,1,3
"1747",0.629593961519601,"OH",34,1,5,1,3
"1748",0.212093220617098,"OH",76,1,5,1,3
"1749",1.05553250369038,"OH",77,1,5,3,3
"1750",1.27059475894198,"OH",63,1,5,1,3
"1751",2.05991331214975,"OH",26,1,NA,NA,3
"1752",2.91300888805959,"OH",74,2,NA,NA,NA
"1753",0.763305535589036,"OH",63,1,5,3,4
"1754",1.54314887373419,"OH",53,1,5,2,3
"1755",0.596123195559062,"OH",68,1,NA,NA,2
"1756",0.184375217373236,"OH",57,1,NA,NA,2
"1757",1.24232014784355,"OH",60,1,NA,NA,2
"1758",0.566542017247323,"OH",64,1,NA,NA,2
"1759",1.08120384656048,"OH",63,1,5,1,1
"1760",1.85326186421061,"OH",72,1,5,1,1
"1761",0.105979289835567,"OH",29,2,NA,NA,NA
"1762",0.870709622044175,"OH",64,1,5,3,2
"1763",0.829267271504271,"OH",50,2,NA,NA,NA
"1764",0.886522137554745,"OH",75,1,5,3,3
"1765",0.384737745241428,"OH",30,1,NA,NA,1
"1766",0.607656075712649,"OH",61,1,NA,NA,1
"1767",2.91051679341341,"OH",65,1,NA,NA,3
"1768",0.392330445378998,"OH",78,1,5,1,2
"1769",1.05553250369038,"OH",74,1,5,3,3
"1770",1.90868663291938,"OH",32,1,NA,NA,3
"1771",1.03073344340604,"OH",28,1,5,1,3
"1772",2.26936675858444,"OH",40,1,5,3,3
"1773",0.190347353200881,"OH",66,1,5,3,3
"1774",1.71656003527813,"OH",31,1,NA,NA,3
"1775",2.50745126635382,"OH",51,1,5,1,3
"1776",1.08772363280501,"OH",26,1,5,1,1
"1777",1.85096223809638,"OH",55,1,5,1,2
"1778",2.56915325849204,"OH",33,1,5,3,2
"1779",0.0970211485307103,"OH",25,1,5,1,4
"1780",0.353660805544961,"OH",23,1,5,2,2
"1781",0.371792199674601,"OH",58,1,NA,NA,2
"1782",1.15198437388951,"OH",32,1,5,3,1
"1783",1.79032570744261,"OH",48,1,5,1,2
"1784",3.39538678996155,"OH",26,1,5,3,2
"1785",1.21058149985242,"OH",24,1,NA,NA,1
"1786",1.82467181829658,"OH",72,1,5,3,3
"1787",0.913360049279628,"OH",68,2,5,1,NA
"1788",1.50813218872345,"OH",28,1,5,1,3
"1789",0.147526519616521,"OH",68,1,NA,NA,2
"1790",0.230783948435221,"OH",64,2,NA,NA,NA
"1791",0.593904855708593,"OH",66,1,NA,NA,2
"1792",0.410634407760901,"OH",64,1,5,3,2
"1793",0.542438589271456,"OH",27,2,NA,NA,NA
"1794",0.348041189097537,"OH",41,1,1,1,2
"1795",1.14823450418941,"OH",24,1,NA,NA,1
"1796",8.41159343060048,"OH",72,1,5,1,2
"1797",0.901792029953546,"OH",74,1,NA,NA,2
"1798",1.24112144226565,"OH",57,1,1,NA,1
"1799",0.372369715735813,"OH",35,1,5,1,2
"1800",1.12915507858859,"OH",34,1,NA,NA,2
"1801",0.798250912054024,"OH",35,1,NA,NA,2
"1802",0.362159063508342,"OH",51,1,NA,NA,2
"1803",0.516437523363873,"OH",66,1,5,3,2
"1804",0.820269026116571,"OH",33,1,NA,NA,2
"1805",0.376003858222532,"OH",61,1,NA,NA,2
"1806",6.76689976460158,"OH",37,1,5,4,1
"1807",0.0753101754255796,"OH",58,2,NA,NA,NA
"1808",0.446162480054557,"OH",81,1,5,1,1
"1809",0.0434045921438284,"OH",31,2,NA,NA,NA
"1810",0.134920903407633,"OH",30,1,NA,NA,1
"1811",1.07643899954354,"OH",59,1,5,2,3
"1812",1.63251346702676,"OH",52,1,5,NA,1
"1813",0.545629529577784,"OH",77,1,NA,NA,2
"1814",0.626822582132808,"OH",61,1,NA,NA,2
"1815",0.246278910509253,"OH",33,2,NA,NA,NA
"1816",0.931606299678911,"OH",60,1,NA,NA,2
"1817",1.6045606232767,"OH",74,1,5,2,2
"1818",0.584205343171802,"OH",66,1,5,1,2
"1819",0.516116409737764,"OH",69,1,5,3,2
"1820",0.182661982042998,"OH",23,1,NA,NA,2
"1821",0.0689692599717464,"OH",61,1,NA,NA,1
"1822",0.0689692599717464,"OH",51,1,NA,NA,2
"1823",0.584205343171802,"OH",66,1,5,1,2
"1824",0.290247208975774,"OH",69,1,NA,NA,1
"1825",2.00358365387086,"OH",38,1,NA,NA,2
"1826",0.184660135896056,"OH",55,2,NA,NA,NA
"1827",0.514644154721155,"OH",64,1,5,1,2
"1828",0.649044619764471,"OH",51,1,NA,NA,2
"1829",2.06042293203329,"OH",31,1,NA,NA,3
"1830",0.98098903683246,"OH",33,1,5,1,2
"1831",2.35008916771321,"OH",44,1,NA,NA,2
"1832",0.654000100724247,"OH",59,1,NA,NA,1
"1833",0.610731229575401,"OH",63,1,5,3,2
"1834",0.938760286780924,"OH",29,2,NA,NA,NA
"1835",0.168338863584459,"OH",56,1,5,3,3
"1836",0.737556013006837,"OH",45,1,5,1,2
"1837",0.335938102747146,"OH",47,1,5,1,2
"1838",0.406211950595144,"OH",50,1,5,1,2
"1839",0.669024525682563,"OH",69,1,5,1,2
"1840",0.742267586725828,"OH",66,1,5,1,2
"1841",0.584205343171802,"OH",56,1,5,1,2
"1842",0.794843144997772,"OH",69,1,5,1,1
"1843",0.518852550986448,"OH",58,1,5,3,2
"1844",0.222269195602101,"OH",36,1,NA,NA,2
"1845",0.124182745068859,"OH",34,1,2,NA,1
"1846",0.514455613577801,"OH",27,1,NA,NA,1
"1847",0.531995855052604,"OH",26,1,NA,NA,1
"1848",0.77455195971615,"OH",53,1,5,2,2
"1849",1.1002348822424,"OH",27,1,NA,NA,2
"1850",7.09373445070145,"OH",26,1,5,1,1
"1851",1.13009282784368,"OH",34,1,5,1,1
"1852",0.701188765094459,"OH",65,1,5,1,2
"1853",1.27264987468914,"OH",57,1,5,1,3
"1854",0.141080576102553,"OH",64,1,NA,NA,3
"1855",1.21068403678565,"OH",54,1,5,3,2
"1856",0.211083739391388,"OH",46,1,5,1,3
"1857",0.625480086653541,"OH",27,1,NA,NA,2
"1858",1.056736269328,"OH",66,1,5,3,2
"1859",0.286113928500349,"OH",53,2,NA,NA,NA
"1860",0.662551157606714,"OH",32,1,1,NA,3
"1861",0.922499732576258,"OH",35,1,NA,NA,2
"1862",1.01432496597936,"OH",29,1,NA,NA,2
"1863",0.420180828344536,"OH",57,1,5,1,1
"1864",1.2765614225704,"OH",24,1,5,1,1
"1865",0.0876295411465272,"OH",58,2,NA,NA,NA
"1866",0.353843169506316,"OH",34,1,NA,NA,2
"1867",1.42531750056627,"OH",49,1,5,1,2
"1868",0.195652507444752,"OH",62,1,5,1,3
"1869",0.420180828344536,"OH",60,1,5,2,3
"1870",0.856775063408312,"OH",51,1,5,1,3
"1871",0.195652507444752,"OH",68,1,5,2,3
"1872",0.195652507444752,"OH",65,1,5,2,3
"1873",0.250426487647732,"OH",66,1,3,NA,2
"1874",0.756996644711658,"OH",58,1,5,1,2
"1875",0.501136390372319,"OH",65,2,NA,NA,NA
"1876",0.152438360947383,"OH",60,1,5,2,3
"1877",0.606906189113398,"OH",63,1,5,1,2
"1878",0.60389036518723,"OH",52,1,5,1,2
"1879",0.225976075851434,"OH",69,1,5,1,3
"1880",0.889106830583277,"OH",58,1,NA,NA,1
"1881",0.401661928044622,"OH",67,1,5,1,1
"1882",0.761238629511456,"OH",62,1,5,3,1
"1883",0.225976075851434,"OH",66,1,5,1,3
"1884",0.195652507444752,"OH",68,1,5,3,3
"1885",0.690513623339364,"OH",61,1,5,3,4
"1886",1.24232014784355,"OH",57,2,NA,NA,NA
"1887",0.225976075851434,"OH",69,1,5,1,1
"1888",0.832760842599679,"OH",57,1,5,1,2
"1889",0.189365579715731,"OH",68,1,5,2,2
"1890",0.880601873824159,"OH",59,1,5,1,3
"1891",0.568319010329214,"OH",68,1,NA,NA,2
"1892",0.424500129676868,"OH",66,1,5,1,2
"1893",0.225976075851434,"OH",50,1,5,1,3
"1894",0.16848600210831,"OH",62,1,5,1,3
"1895",0.218657211258444,"OH",54,1,5,1,4
"1896",0.703915120505049,"OH",55,1,5,1,3
"1897",0.225976075851434,"OH",65,1,5,1,3
"1898",1.12791937131944,"OH",58,1,5,1,2
"1899",0.420180828344536,"OH",60,1,5,1,1
"1900",0.572302467257045,"OH",61,1,5,1,2
"1901",0.0607101080398012,"OH",65,1,NA,NA,2
"1902",0.363797062746897,"OH",53,1,5,1,3
"1903",0.988826417860524,"OH",55,1,5,3,3
"1904",0.737935127456161,"OH",60,1,5,1,2
"1905",0.756878529676095,"OH",58,1,5,1,1
"1906",1.24918231844227,"OH",58,1,5,3,3
"1907",0.510652852642594,"OH",66,1,5,1,2
"1908",0.577661598011985,"OH",56,1,5,2,1
"1909",0.831057370788311,"OH",64,1,5,1,3
"1910",0.325237292244163,"OH",52,1,5,1,2
"1911",1.19521571636347,"OH",65,1,5,3,1
"1912",0.298637910573533,"OH",63,1,3,NA,4
"1913",0.0875295481053674,"OH",66,1,NA,NA,3
"1914",0.662469049348634,"OH",65,1,5,3,2
"1915",0.989563942956596,"OH",52,1,5,1,1
"1916",0.769798219278047,"OH",52,1,NA,NA,1
"1917",0.722038894801462,"OH",65,1,5,3,2
"1918",0.927041504987887,"OH",66,1,5,2,1
"1919",0.432546758570517,"OH",56,1,NA,NA,2
"1920",0.647287686065782,"OH",61,1,5,3,2
"1921",0.48499629426167,"OH",53,1,5,2,3
"1922",0.325207904374403,"OH",62,1,NA,NA,2
"1923",0.21697399652028,"OH",57,1,NA,NA,4
"1924",0.279117355990183,"OH",65,1,5,3,1
"1925",0.289015561307199,"OH",59,1,NA,NA,1
"1926",1.14426048447277,"OH",58,1,NA,NA,2
"1927",0.33008100418677,"OH",53,1,5,3,2
"1928",1.72665684657877,"OH",60,2,NA,NA,NA
"1929",1.09384135324988,"OH",55,1,5,1,1
"1930",0.605612539026678,"OH",65,2,NA,NA,NA
"1931",0.349635714307234,"OH",65,1,5,2,3
"1932",0.549656359405188,"OH",67,1,5,2,2
"1933",0.711756662366182,"OH",68,1,5,1,2
"1934",0.932422584276357,"OH",53,1,5,1,3
"1935",0.751327882679524,"OH",55,1,5,3,2
"1936",0.711756662366182,"OH",67,1,5,3,2
"1937",0.931420171797988,"OH",58,1,5,1,3
"1938",0.754038727738748,"OH",61,1,5,3,1
"1939",0.225976075851434,"OH",57,1,5,3,3
"1940",0.442339585065836,"OH",56,1,5,1,3
"1941",0.718963118591709,"OH",67,1,5,NA,1
"1942",0.289586421343471,"OH",69,1,5,1,2
"1943",0.809658760665722,"OH",62,1,5,1,1
"1944",0.572302467257045,"OH",64,1,5,1,2
"1945",1.07635528889785,"OH",66,1,5,2,3
"1946",1.08291248342486,"OH",59,1,5,1,2
"1947",0.289239303431221,"OH",67,3,1,NA,NA
"1948",0.82203895170453,"OH",61,1,5,3,1
"1949",0.237548410773857,"OH",50,1,5,1,1
"1950",0.375764295420002,"OH",67,1,NA,NA,2
"1951",0.265896253588818,"OH",69,1,5,2,1
"1952",0.114421068645349,"OH",66,1,5,3,3
"1953",0.772226762766213,"OH",57,1,NA,NA,3
"1954",0.826383895821681,"OH",56,1,NA,NA,3
"1955",1.28898123916217,"OH",63,1,5,1,3
"1956",0.510652852642594,"OH",66,1,5,1,3
"1957",0.319022913425288,"OH",67,1,5,2,2
"1958",0.126912682185449,"OH",64,1,5,1,1
"1959",0.436109314076662,"OH",61,1,4,4,3
"1960",0.143743095744697,"OH",67,1,5,1,1
"1961",1.2000564139499,"OH",53,1,5,1,1
"1962",1.21168450313666,"OH",54,1,5,2,3
"1963",0.420180828344536,"OH",68,1,5,1,1
"1964",1.41393359476852,"OH",57,1,5,1,1
"1965",0.559771771926427,"OH",63,1,5,2,2
"1966",1.33222827767307,"OH",54,1,5,2,3
"1967",0.515527475358707,"OH",58,1,5,3,2
"1968",0.378750654501241,"OH",60,1,5,2,1
"1969",0.647638727087882,"OH",57,1,5,1,3
"1970",1.02604309504154,"OH",60,1,5,2,2
"1971",0.119572148348935,"OH",68,1,5,1,3
"1972",0.82203895170453,"OH",56,1,5,3,3
"1973",0.0876295411465272,"OH",59,3,3,NA,NA
"1974",1.24232014784355,"OH",59,1,NA,NA,2
"1975",0.622485970617735,"OH",67,1,5,1,3
"1976",0.935373026290644,"OH",64,1,5,1,2
"1977",0.319022913425288,"OH",66,1,5,3,2
"1978",0.76243453659898,"OH",50,1,5,1,1
"1979",0.114421068645349,"OH",66,1,5,3,2
"1980",0.722038894801462,"OH",68,1,5,3,2
"1981",0.349635714307234,"OH",63,1,5,1,2
"1982",0.67445336367826,"OH",57,1,NA,NA,1
"1983",1.17948489914222,"OH",57,1,5,3,4
"1984",0.33403595238426,"OH",59,1,5,1,3
"1985",0.684301063563454,"OH",68,1,5,1,3
"1986",1.19517158919576,"OH",36,2,NA,NA,NA
"1987",1.25549705821754,"OH",44,2,NA,NA,NA
"1988",0.354302540184828,"OH",71,2,NA,NA,NA
"1989",0.38232724898899,"OH",73,2,NA,NA,NA
"1990",1.37661935813547,"OH",70,2,NA,NA,NA
"1991",0.289735745572006,"OH",65,3,1,NA,NA
"1992",2.71177663357036,"OH",42,2,NA,NA,NA
"1993",1.06382385497908,"OH",35,2,NA,NA,NA
"1994",3.45585198143904,"OH",46,1,5,1,3
"1995",0.47285764913283,"OH",64,1,5,3,2
