weight,StateAbbr,age,votereg,askvote,party_ID,vote_method
0.225624910197905,OH,57,1,5,2,2
0.232198670504207,OH,24,1,5,3,1
0.108021634212665,OH,50,1,5,1,2
0.252429714692988,OH,59,1,NA,NA,2
1.95879264234531,OH,35,1,5,1,2
1.38273499258154,OH,41,1,5,1,2
0.064650720790054,OH,45,1,5,1,1
0.950987807293354,OH,61,1,5,1,3
0.796917800931692,OH,57,1,5,2,2
0.200959433670264,OH,52,1,NA,NA,2
0.980659418147418,OH,53,1,5,1,2
1.6849754018052,OH,53,1,5,1,1
0.212093220617098,OH,83,1,5,1,3
0.510652852642594,OH,61,1,5,3,2
0.717816673745242,OH,60,1,5,1,1
0.115909106807044,OH,45,2,NA,NA,NA
8.40101053546412,OH,41,1,5,1,1
0.859902544088585,OH,30,1,5,3,2
0.180201935990392,OH,77,1,5,3,2
1.25733167638621,OH,73,1,5,3,2
0.191993633111679,OH,75,1,5,3,3
0.811650111207424,OH,61,1,5,1,1
1.52982393036609,OH,35,1,5,1,2
0.589397277346433,OH,79,1,5,2,3
0.189365579715731,OH,68,1,5,2,2
0.762730667429305,OH,73,1,5,3,1
0.641514912932874,OH,58,1,5,3,1
0.890644941428989,OH,70,1,5,1,2
0.64652904296694,OH,67,1,5,3,1
0.562026768697336,OH,59,1,4,1,1
0.715371803484107,OH,59,1,5,1,1
0.265896253588818,OH,69,1,5,1,2
1.77068560015501,OH,75,1,5,1,1
0.322415838809334,OH,75,1,3,NA,1
0.629495076816916,OH,70,1,5,1,3
0.411256305672036,OH,69,1,5,3,1
0.286996119626652,OH,54,1,NA,NA,3
1.04174982387491,OH,68,1,5,3,3
0.398707426723864,OH,59,1,5,3,2
0.720687683969443,OH,77,1,5,3,2
0.206007271136738,OH,92,1,5,1,3
0.550641882264122,OH,79,1,5,3,2
0.237893204268154,OH,59,1,5,2,1
0.578643168718601,OH,54,1,5,1,2
0.310740790208858,OH,74,1,5,1,3
1.2000564139499,OH,54,1,5,2,1
2.43237817334213,OH,56,1,5,1,1
0.225976075851434,OH,67,1,5,3,1
0.622485970617735,OH,67,1,5,1,3
0.234779440285427,OH,65,1,5,1,2
0.394366991237347,OH,93,1,5,3,3
0.681914525871943,OH,74,1,5,1,3
0.425445776868495,OH,58,1,NA,NA,1
0.527212426764241,OH,72,1,5,1,3
1.1246238442869,OH,59,1,5,3,3
1.06028661367874,OH,64,1,5,3,1
0.665903646852359,OH,68,1,5,3,1
0.75654515694863,OH,76,1,5,1,2
0.401501190657656,OH,71,1,5,3,2
0.993416375830822,OH,51,1,5,1,3
0.355150189947017,OH,72,1,5,3,2
0.226381246435769,OH,82,1,5,2,3
0.420934204165872,OH,77,1,5,1,3
0.515527475358707,OH,58,1,5,3,2
0.643158951778124,OH,81,1,5,1,1
0.206007271136738,OH,71,1,5,3,3
0.668598271039616,OH,69,1,5,3,2
0.811650111207424,OH,61,1,5,1,2
0.595427461659562,OH,59,1,5,2,2
0.791490682954884,OH,46,1,4,NA,2
0.329076818642192,OH,71,1,5,1,2
0.114421068645349,OH,67,1,5,1,2
1.18330949215224,OH,92,1,5,2,3
0.0681967280762557,OH,57,1,NA,NA,1
1.25733167638621,OH,78,1,5,3,3
1.38317274542486,OH,60,1,5,3,3
0.393877639651826,OH,63,1,5,1,1
0.383050752187326,OH,80,1,5,3,1
0.823375431869422,OH,65,1,5,1,1
0.632379386449514,OH,66,1,5,1,3
0.826383895821681,OH,58,1,4,4,1
0.191993633111679,OH,74,1,5,1,3
2.32812193472243,OH,24,1,5,3,2
0.759322316809432,OH,73,1,5,1,3
0.775970300877097,OH,53,1,5,1,2
2.54923990124812,OH,49,1,5,1,3
0.101276740374247,OH,74,3,1,NA,NA
0.430440022641163,OH,76,1,5,3,3
0.356993737030726,OH,82,1,5,1,3
0.500564549517585,OH,65,1,NA,NA,NA
0.727162732310494,OH,79,1,5,3,2
1.15628135328029,OH,86,1,5,1,3
0.764829601923583,OH,60,1,NA,NA,1
1.5618012867235,OH,55,1,5,1,1
0.226381246435769,OH,79,1,5,1,3
0.446162480054557,OH,85,1,5,3,3
5.31695580153836,OH,45,1,5,1,2
0.10769300650552,OH,70,1,5,2,2
0.552825738459078,OH,61,1,5,1,3
0.272132586911361,OH,75,1,5,2,2
0.759322316809432,OH,70,1,5,3,1
0.387074063601443,OH,73,1,5,1,1
0.755573878536819,OH,48,1,5,2,1
0.383050752187326,OH,71,1,5,3,3
0.662469049348634,OH,64,1,5,1,2
0.369028453433304,OH,84,1,5,2,NA
0.447832789025526,OH,75,1,5,1,3
0.96460850339439,OH,72,1,5,2,1
0.191145140379481,OH,75,1,NA,NA,3
0.206007271136738,OH,85,1,5,1,3
0.387074063601443,OH,82,1,5,3,3
0.944550670771872,OH,55,1,5,1,2
0.427261728303512,OH,76,1,5,3,3
0.0938751995933017,OH,77,1,5,1,3
1.35411793640366,OH,49,1,5,1,3
1.18373889929148,OH,44,1,5,1,3
0.589397277346433,OH,71,1,5,3,3
0.822509343164864,OH,73,1,5,1,2
0.725655968382795,OH,54,1,5,4,1
0.966457869249166,OH,45,1,5,1,3
0.0514789696770857,OH,67,1,5,3,1
0.474538248487753,OH,27,1,5,1,2
1.71706190396151,OH,71,1,5,3,3
0.69393481868482,OH,53,1,5,3,2
0.46580490681188,OH,57,1,5,2,3
2.54851025441022,OH,40,1,5,1,3
0.242548187738264,OH,70,1,5,3,2
0.0793407545944127,OH,64,1,NA,NA,2
0.999806605631574,OH,58,1,5,2,1
0.191993633111679,OH,72,1,5,1,3
0.544839988213788,OH,57,1,5,2,2
0.840752614579707,OH,71,1,5,1,3
0.138104487160396,OH,81,1,5,1,3
0.615912851472839,OH,72,1,5,1,2
0.701911170391254,OH,64,1,5,1,3
0.300483511694429,OH,75,1,NA,NA,3
1.82903357628323,OH,71,1,5,2,2
0.349635714307234,OH,64,1,5,2,2
0.10769300650552,OH,76,1,5,1,2
0.251560393835326,OH,85,1,5,3,3
0.10769300650552,OH,86,1,5,3,3
0.191993633111679,OH,80,1,5,3,3
0.152829021525729,OH,71,1,5,2,2
0.38232724898899,OH,72,2,NA,NA,NA
0.342634942730088,OH,70,1,5,3,2
0.449148769214787,OH,56,1,5,3,2
0.93243329017955,OH,67,1,5,2,2
1.7939919678085,OH,49,1,5,3,2
1.05350982797048,OH,51,1,5,3,1
0.831057370788311,OH,57,1,5,1,1
0.272132586911361,OH,73,1,5,3,2
0.577661598011985,OH,55,1,5,2,2
0.605954234056036,OH,62,1,5,1,2
0.250261313817035,OH,72,1,5,2,2
0.105084811482792,OH,75,1,5,3,2
1.08174859961312,OH,74,1,5,3,3
0.700525083518647,OH,44,1,5,1,1
0.473296231834474,OH,78,1,5,1,3
1.63342834136169,OH,55,1,5,1,2
0.738953961662238,OH,70,1,5,3,1
0.335068207766878,OH,70,1,5,3,2
0.596495051189387,OH,74,1,5,1,2
0.101276740374247,OH,77,1,NA,NA,3
0.189365579715731,OH,64,1,5,2,2
0.632379386449514,OH,69,1,5,1,3
0.876517775118018,OH,60,1,5,1,2
2.01359243868933,OH,45,1,NA,NA,3
0.349635714307234,OH,64,1,5,2,2
0.308115167359672,OH,74,1,5,1,2
0.33403595238426,OH,54,1,5,1,1
1.02377416117943,OH,54,1,5,1,1
0.308115167359672,OH,74,1,5,1,2
0.212754997281561,OH,55,1,5,3,3
0.308115167359672,OH,73,1,5,2,2
0.376748951674884,OH,70,1,5,2,2
0.937445215961903,OH,67,1,5,3,1
1.52979570123869,OH,55,1,5,3,3
1.33227846939496,OH,53,1,5,1,1
0.494814389853799,OH,65,1,5,3,3
0.424972896804477,OH,82,1,5,3,2
1.62914229722831,OH,67,1,5,3,2
2.05975756854358,OH,56,2,NA,NA,NA
1.33154188226004,OH,43,1,5,3,1
0.254094795640099,OH,80,1,5,3,1
1.12846738323891,OH,67,1,5,3,3
0.361918382690301,OH,68,1,5,1,2
0.217050911065339,OH,83,1,5,3,3
0.590337719383085,OH,80,1,5,1,1
0.383050752187326,OH,71,1,5,1,3
0.191993633111679,OH,70,1,5,1,2
0.944550670771872,OH,68,1,5,3,1
0.383050752187326,OH,79,1,5,3,1
1.93684390915131,OH,48,1,5,1,1
0.939126036484617,OH,72,1,5,1,2
0.525484837711045,OH,67,1,5,1,3
0.272132586911361,OH,70,1,5,3,2
0.832236170451904,OH,68,1,5,1,3
2.95693739242169,OH,47,1,5,3,3
0.790545760056087,OH,64,1,5,1,3
0.572302467257045,OH,61,1,5,3,2
1.44953340211417,OH,72,1,5,3,2
0.217050911065339,OH,78,1,5,1,3
1.76471186884688,OH,45,1,5,1,3
1.16627336540661,OH,63,1,5,1,2
0.731276667393572,OH,51,1,5,1,1
0.700372728549626,OH,81,1,5,1,2
1.37349149041561,OH,35,2,NA,NA,NA
1.10696372901833,OH,64,1,5,1,1
0.478727932327708,OH,85,1,5,3,3
0.191993633111679,OH,81,1,5,1,3
0.387074063601443,OH,79,1,5,1,3
0.90724464023881,OH,73,1,5,2,3
0.286996119626652,OH,60,2,NA,NA,NA
1.33020990237852,OH,41,1,5,1,3
1.57459712694368,OH,71,1,5,1,2
0.573328594134421,OH,77,1,5,2,2
0.191993633111679,OH,73,1,5,3,3
0.903514465400628,OH,70,1,5,1,1
0.383050752187326,OH,70,1,5,2,3
0.420180828344536,OH,59,1,5,1,3
0.589397277346433,OH,79,1,5,3,3
0.770677630479078,OH,55,2,NA,NA,NA
0.894154435688249,OH,69,1,5,1,1
0.505886657194817,OH,90,1,5,1,1
0.206007271136738,OH,76,1,5,1,3
0.704138226520934,OH,66,1,5,3,3
0.401661928044622,OH,69,1,5,2,2
0.514391969170033,OH,67,1,5,1,3
0.92989049663356,OH,70,1,5,3,2
0.691804461635817,OH,42,1,5,1,2
0.681914525871943,OH,73,1,5,2,3
0.595427461659562,OH,66,1,5,1,2
0.329076818642192,OH,72,1,5,2,2
0.478727932327708,OH,77,1,5,1,3
0.334468512413705,OH,62,1,5,1,2
0.363797062746897,OH,60,1,5,1,3
0.503380874135046,OH,60,1,5,3,2
0.349635714307234,OH,63,1,5,2,2
0.878615787311755,OH,63,1,5,1,3
0.329076818642192,OH,80,1,5,1,2
0.206007271136738,OH,75,1,5,2,3
3.67503479833063,OH,47,1,5,1,3
0.475810899495141,OH,60,1,5,3,3
0.629495076816916,OH,74,1,5,1,1
0.641452162751306,OH,81,1,NA,NA,3
2.92381767866516,OH,45,1,5,1,1
0.272132586911361,OH,71,1,5,2,2
0.655430578440577,OH,70,1,5,1,3
1.02524432439994,OH,74,1,5,1,3
1.82585266854461,OH,60,1,5,1,2
0.383050752187326,OH,71,1,5,1,1
0.262494274071063,OH,69,1,5,3,1
0.191993633111679,OH,70,1,5,2,3
1.28483664776684,OH,80,1,5,2,1
0.966457869249166,OH,46,1,5,1,3
0.446162480054557,OH,81,1,5,3,3
0.143743095744697,OH,64,1,5,3,3
0.561244282980588,OH,71,1,5,1,3
0.854606090723813,OH,74,1,5,2,3
0.349635714307234,OH,63,1,5,3,2
0.430440022641163,OH,72,1,5,1,3
0.272132586911361,OH,74,1,5,2,2
0.531806336100175,OH,72,1,NA,NA,3
0.466998645797005,OH,89,1,5,3,1
0.748176338771394,OH,70,1,5,1,3
1.21244967553293,OH,55,2,NA,NA,NA
0.333865460401403,OH,56,1,5,1,1
1.21180315916587,OH,70,1,5,3,3
0.856948500260085,OH,64,1,5,1,3
1.19111005740971,OH,76,1,5,1,3
0.400286137980978,OH,59,1,5,2,2
0.251560393835326,OH,79,1,5,1,1
0.424500129676868,OH,65,1,5,1,2
0.667537503466107,OH,62,1,5,3,2
0.447832789025526,OH,76,1,5,2,1
0.184947111370577,OH,74,1,NA,NA,3
0.200244811358494,OH,86,1,5,3,2
0.526657375540675,OH,50,1,5,1,3
0.901490725035851,OH,54,1,5,3,2
0.141171186276521,OH,69,1,5,1,2
1.09050050821914,OH,73,1,5,2,3
0.314394336804318,OH,84,1,5,1,3
0.61150209134259,OH,81,1,NA,NA,2
0.968668777776327,OH,46,1,NA,NA,3
0.232178217952494,OH,61,1,5,3,2
1.34065331476062,OH,57,1,5,2,3
0.329076818642192,OH,72,1,5,2,2
1.01121131607341,OH,69,1,5,3,1
0.174551925364235,OH,76,1,5,3,1
1.01025315172365,OH,64,1,5,2,2
1.34065331476062,OH,54,1,5,1,1
0.854606090723813,OH,70,1,5,1,3
1.03196565566744,OH,56,1,5,1,3
1.33200014674954,OH,66,1,5,1,2
1.08291248342486,OH,63,1,5,3,1
0.751327882679524,OH,68,1,5,1,1
1.42447170080723,OH,52,1,5,1,1
0.698575405755251,OH,74,1,5,1,1
1.63904216736346,OH,56,1,5,1,1
0.762730667429305,OH,73,1,5,1,1
0.225624910197905,OH,62,1,5,2,2
0.431375874546139,OH,68,1,5,1,2
0.919064942753893,OH,60,1,NA,NA,2
0.449951636549435,OH,74,1,5,1,3
0.715371803484107,OH,59,1,5,1,3
0.163984029911553,OH,81,1,5,3,2
0.242441027117781,OH,62,1,NA,NA,2
0.841964984450262,OH,53,1,5,3,1
0.644028367136064,OH,76,1,5,3,2
0.234929713796672,OH,66,1,NA,NA,3
0.991338211314404,OH,75,1,5,1,3
0.710490505547088,OH,71,1,5,3,2
0.46580490681188,OH,66,1,5,1,3
1.23664478815931,OH,52,1,5,1,3
0.217050911065339,OH,86,1,5,3,1
0.356993737030726,OH,90,1,5,1,1
0.250261313817035,OH,78,1,5,2,2
0.191993633111679,OH,79,1,5,1,3
3.19780382390802,OH,49,1,5,1,3
0.65390256223826,OH,84,1,5,2,2
0.281980771800823,OH,53,1,5,3,2
0.152943425388414,OH,80,1,NA,NA,3
0.13529087193844,OH,92,1,5,3,3
0.251560393835326,OH,70,1,5,1,3
0.447832789025526,OH,79,1,5,1,3
0.492259124786743,OH,62,1,5,3,2
0.911615636664476,OH,66,1,5,1,2
0.474667431066243,OH,57,1,5,1,1
0.598537076472116,OH,66,1,5,1,3
0.635527312076677,OH,72,1,5,1,3
0.993416375830822,OH,56,1,5,1,1
0.559771771926427,OH,68,1,5,1,3
1.93671318257433,OH,48,1,5,1,1
0.183860219479987,OH,70,1,5,1,3
0.667537503466107,OH,63,1,5,1,3
2.70815900399016,OH,44,1,5,1,2
0.47285764913283,OH,54,1,5,2,2
0.533878249150145,OH,78,1,5,3,3
0.225624910197905,OH,63,1,5,1,2
0.900419822902609,OH,70,1,5,1,3
0.121342594381883,OH,68,1,5,2,2
0.504391584291146,OH,79,1,5,3,3
0.632379386449514,OH,67,1,5,1,3
0.503380874135046,OH,61,1,5,2,2
1.1246238442869,OH,57,1,5,1,3
0.578145478877984,OH,53,1,3,NA,1
1.05432716731446,OH,63,1,5,3,1
0.484455814061983,OH,81,1,5,3,2
0.751327882679524,OH,64,1,5,2,2
0.167278519343533,OH,79,1,5,3,2
0.0875295481053674,OH,62,1,NA,NA,2
0.89256380816633,OH,85,1,5,3,3
0.225624910197905,OH,61,1,5,3,2
3.00430005302829,OH,46,1,5,1,2
0.283444504171606,OH,68,1,5,1,3
0.965497593115727,OH,88,1,5,1,2
0.508675267328198,OH,90,1,5,1,1
0.349635714307234,OH,64,1,5,2,2
0.225624910197905,OH,57,1,5,1,2
0.900011585997883,OH,41,2,NA,NA,NA
0.762730667429305,OH,78,1,5,3,3
0.824375457500856,OH,32,1,5,1,2
1.30281292714237,OH,60,1,5,1,2
0.545462408968222,OH,67,1,5,3,2
0.403897941912543,OH,64,1,5,3,2
0.17905477832496,OH,63,1,5,1,3
0.383050752187326,OH,77,1,5,2,3
0.107173732623884,OH,51,1,5,1,3
0.334468512413705,OH,57,1,5,2,2
0.901490725035851,OH,54,1,5,3,2
0.964514051903742,OH,69,1,5,3,1
0.711756662366182,OH,68,1,5,3,2
1.76494666678733,OH,35,1,5,1,2
0.401661928044622,OH,69,1,5,3,2
0.267276492926283,OH,59,1,5,1,3
0.440055304509992,OH,52,1,5,2,1
0.741420593892362,OH,67,1,5,1,2
0.478727932327708,OH,75,1,5,2,1
1.48281458707594,OH,31,1,5,1,2
0.114421068645349,OH,65,1,5,2,2
2.80832577482041,OH,49,1,5,1,2
0.155741525316331,OH,57,1,5,2,2
0.356993737030726,OH,81,1,5,1,1
0.907261010214777,OH,63,1,5,1,3
1.11889883326226,OH,65,1,5,1,3
0.515527475358707,OH,58,1,5,1,3
2.40535830443334,OH,54,1,5,2,2
1.59508036554043,OH,35,1,5,1,2
0.788029387693134,OH,38,1,5,1,2
1.29801319857887,OH,74,1,5,1,3
0.191993633111679,OH,72,1,5,3,3
0.0876295411465272,OH,65,1,3,NA,1
0.725655968382795,OH,58,1,5,3,2
1.6857245023072,OH,38,1,5,2,2
0.702059918466487,OH,72,1,5,3,3
0.459619534617801,OH,58,1,NA,NA,3
1.20930253943741,OH,65,1,5,2,3
0.577661598011985,OH,57,1,5,1,2
0.593904855708593,OH,66,1,NA,NA,2
0.152829021525729,OH,81,1,5,2,2
1.36042421759356,OH,55,1,5,1,3
0.446162480054557,OH,72,1,5,1,1
0.692887684602002,OH,80,1,5,3,2
1.2386270014721,OH,55,2,5,3,NA
0.77862227388316,OH,64,1,5,1,2
1.50913842479441,OH,55,1,5,3,1
0.329076818642192,OH,72,1,5,2,1
1.63978117013384,OH,58,2,NA,NA,NA
0.478727932327708,OH,79,1,5,1,3
0.191993633111679,OH,90,1,5,1,3
0.191993633111679,OH,82,1,5,2,1
0.630411320819468,OH,70,1,5,1,2
0.641514912932874,OH,65,1,5,1,1
0.311393552007579,OH,68,1,5,1,1
0.478727932327708,OH,81,1,5,2,3
1.44602325689688,OH,46,1,5,3,2
1.18797850922634,OH,51,1,5,1,3
0.561305442573833,OH,67,1,5,2,2
0.680624553304246,OH,60,1,5,1,3
0.750323700854677,OH,39,1,1,NA,1
0.607599513789028,OH,65,1,5,3,2
2.65429249439294,OH,39,1,5,1,3
1.02604309504154,OH,60,1,5,2,2
0.64652904296694,OH,63,1,5,3,3
2.48614426116467,OH,23,1,5,3,2
0.363797062746897,OH,60,1,5,1,3
0.206007271136738,OH,77,1,5,1,1
1.21991740052265,OH,83,1,5,3,2
0.622485970617735,OH,63,1,5,1,3
0.234356129245206,OH,64,1,5,1,3
0.711756662366182,OH,68,1,5,2,2
0.39370774025951,OH,49,1,NA,NA,3
0.900412623755621,OH,39,1,5,3,1
0.503380874135046,OH,60,1,5,1,2
0.352107123929395,OH,60,1,5,2,2
1.35827771821808,OH,63,1,5,1,3
0.962142777238119,OH,64,1,5,1,3
0.906385276238306,OH,47,1,5,1,3
5.5462477160417,OH,37,1,5,1,1
0.454665118502481,OH,64,1,5,1,1
0.59785409283737,OH,59,1,5,1,1
2.54923990124812,OH,48,1,5,1,3
0.525132239027042,OH,58,1,5,2,3
1.67741743754707,OH,67,1,5,1,3
1.29693667419935,OH,62,1,5,1,3
0.354242357277416,OH,65,1,5,2,3
0.384575418694623,OH,64,1,5,3,2
0.354242357277416,OH,67,1,5,1,3
0.570326987328088,OH,76,1,5,1,2
0.641514912932874,OH,66,1,5,1,3
1.68515264752792,OH,50,1,5,1,3
0.439234841558818,OH,63,1,5,3,3
0.454665118502481,OH,52,1,5,1,3
0.626828066775407,OH,65,1,5,3,1
1.26970133107824,OH,49,1,5,1,2
0.04164089088891,OH,64,1,5,3,1
2.54923990124812,OH,44,1,5,1,3
1.45843264723776,OH,36,1,5,1,1
0.59785409283737,OH,68,1,5,3,3
1.35411793640366,OH,44,1,5,1,3
6.70986690460108,OH,35,1,5,1,3
0.742267586725828,OH,58,1,5,2,2
0.710490505547088,OH,87,1,5,3,2
0.949087481683088,OH,76,1,5,1,2
0.514644154721155,OH,69,1,5,2,2
0.531107084602691,OH,68,1,5,3,2
1.21292009078042,OH,80,1,5,1,3
0.684263689878972,OH,68,1,5,2,3
0.143743095744697,OH,65,1,5,3,3
1.1246238442869,OH,61,1,5,3,3
0.420180828344536,OH,61,1,5,1,3
4.18373644700884,OH,35,1,5,1,3
4.16897095027486,OH,28,1,5,2,2
0.974823732854136,OH,59,1,5,1,2
0.354242357277416,OH,65,1,5,1,3
0.890644941428989,OH,70,1,5,2,3
0.613094459572905,OH,65,1,5,1,3
0.876964438365598,OH,47,1,5,1,1
0.343896525082881,OH,56,1,5,2,2
0.895212819931871,OH,58,1,5,2,1
1.68978539341127,OH,48,1,5,1,3
0.215521861450849,OH,35,3,1,NA,NA
0.755582863560767,OH,48,1,5,3,2
1.76457376783224,OH,56,1,5,1,2
0.0381083819714041,OH,56,1,5,1,1
0.990920728160332,OH,70,1,5,2,2
1.29693667419935,OH,57,1,5,2,3
0.383375178559969,OH,62,1,NA,NA,3
0.172471745932554,OH,47,1,5,1,2
3.28838181745104,OH,45,1,5,1,1
0.197890558601,OH,53,1,NA,NA,1
1.00963740872565,OH,41,1,5,3,3
0.403897941912543,OH,67,1,5,1,2
1.09988143263215,OH,52,1,5,3,1
0.811650111207424,OH,65,1,5,1,3
0.684462988491219,OH,68,1,5,3,3
0.319022913425288,OH,69,1,5,3,2
0.46580490681188,OH,66,1,5,3,1
0.594034150682406,OH,63,1,5,1,3
0.59785409283737,OH,57,1,5,2,1
0.424500129676868,OH,67,1,5,3,2
0.553089980519558,OH,52,2,NA,NA,NA
0.510652852642594,OH,61,1,5,1,2
1.22873821890268,OH,70,1,5,1,2
0.720326792482919,OH,76,1,5,3,2
0.0681967280762557,OH,60,2,4,4,NA
1.64905517992661,OH,65,1,5,2,2
0.32113142783596,OH,53,1,NA,NA,2
0.797890905824209,OH,71,1,5,1,2
2.59613077562394,OH,40,1,5,3,2
1.33020990237852,OH,39,1,5,1,1
1.06050816153363,OH,67,1,5,3,2
0.361918382690301,OH,68,1,5,3,2
0.758645864875314,OH,66,1,5,2,3
0.262494274071063,OH,64,1,5,3,2
1.13244869888413,OH,59,1,5,1,1
1.70746942611261,OH,38,1,5,3,2
0.478727932327708,OH,75,1,5,3,1
1.06609725691044,OH,62,1,5,3,3
0.629283028934652,OH,57,1,5,1,2
0.525132239027042,OH,67,1,5,1,1
0.942201556263733,OH,59,1,5,1,2
1.54024023021936,OH,70,1,5,3,2
0.86395451924489,OH,52,1,5,2,2
0.626828066775407,OH,65,1,5,2,1
0.143743095744697,OH,67,1,5,3,3
0.48623921587034,OH,75,1,5,1,1
1.39555388725925,OH,64,1,5,3,1
0.977039150133158,OH,62,1,5,1,1
0.225976075851434,OH,66,1,5,2,3
0.441504097593958,OH,61,1,NA,NA,2
0.406211950595144,OH,69,1,5,3,2
1.9441082370085,OH,58,1,5,1,3
0.680624553304246,OH,69,1,5,3,1
0.282909136458195,OH,69,1,1,NA,2
0.880601873824159,OH,56,1,5,1,3
0.590055513431973,OH,49,1,5,1,2
0.296968495524749,OH,62,1,5,3,2
0.401661928044622,OH,67,1,5,2,2
1.64200267469941,OH,76,1,5,3,3
0.608641206104341,OH,39,1,NA,NA,2
5.44500874772907,OH,28,1,5,3,1
1.35473383034842,OH,28,1,5,3,2
0.59785409283737,OH,52,1,5,1,1
0.455184524221949,OH,66,1,5,1,3
0.628430775090249,OH,71,1,5,3,2
0.0643067056902029,OH,67,1,5,1,2
0.722038894801462,OH,68,1,5,2,2
0.785569251539148,OH,61,1,5,1,2
0.699387729143117,OH,64,1,5,2,2
0.67212352240573,OH,61,1,5,1,2
1.40461992398938,OH,52,1,5,3,2
0.548328283014398,OH,52,1,NA,NA,2
0.978155311681672,OH,67,1,5,1,3
0.228377559423293,OH,39,1,NA,NA,1
0.950987807293354,OH,63,1,5,1,3
0.604428828288974,OH,79,1,5,1,2
0.596307714990199,OH,60,1,5,1,4
1.07643899954354,OH,56,1,5,2,3
1.00283808033589,OH,63,1,5,3,1
1.50604821007674,OH,28,1,5,1,1
0.0681967280762557,OH,56,1,1,NA,2
0.761238629511456,OH,60,1,5,3,3
3.95135075721298,OH,38,1,5,3,1
0.871765490951357,OH,66,1,5,1,3
0.306559718536718,OH,66,1,NA,NA,2
0.334468512413705,OH,53,1,5,1,2
0.488029862453148,OH,69,1,5,3,2
0.187419251730449,OH,54,1,5,1,1
2.18187464756141,OH,66,2,4,3,NA
0.257530189434857,OH,78,1,5,1,3
0.501084932276022,OH,74,1,5,3,2
0.856775063408312,OH,52,1,5,2,3
4.64688397460277,OH,44,1,5,1,3
0.82431604924071,OH,67,1,5,1,2
0.495505607457643,OH,50,1,5,1,2
1.05782567730519,OH,50,1,5,1,2
0.368776317913611,OH,61,2,NA,NA,NA
0.506580011802612,OH,57,1,NA,NA,2
0.682781389043061,OH,58,1,5,3,2
0.364212661541321,OH,67,1,5,1,3
0.621430447129565,OH,69,1,5,1,1
0.88845726017461,OH,63,1,5,1,1
0.718963118591709,OH,67,1,5,1,3
3.80902947294919,OH,29,1,5,1,3
1.20067243608084,OH,73,1,5,3,3
0.790545760056087,OH,52,1,5,1,1
1.30812089760067,OH,50,1,5,1,2
1.19517158919576,OH,44,1,NA,NA,3
0.177821173711859,OH,38,1,5,1,2
0.420180828344536,OH,62,1,5,1,3
2.24183852241687,OH,60,1,5,1,2
0.684462988491219,OH,63,1,5,1,1
0.629283028934652,OH,65,1,5,1,1
0.760320726703315,OH,65,1,5,2,3
0.737935127456161,OH,62,1,5,1,2
0.75013034314454,OH,28,1,5,1,2
0.155741525316331,OH,64,1,5,2,2
0.972881835955981,OH,51,1,5,3,2
0.691751700455296,OH,77,1,5,1,3
0.93243329017955,OH,53,1,5,3,2
0.510652852642594,OH,62,1,5,3,2
0.760320726703315,OH,63,1,5,1,2
0.876517775118018,OH,58,1,5,3,2
0.772024407967119,OH,42,1,5,1,1
0.787116590540851,OH,64,1,5,1,2
1.77330716390605,OH,48,1,NA,NA,NA
1.25549705821754,OH,44,1,NA,NA,3
1.52093904974494,OH,59,1,5,2,3
0.155741525316331,OH,62,1,5,2,2
0.796917800931692,OH,57,1,5,2,2
0.437599770769807,OH,54,1,3,NA,2
0.60389036518723,OH,60,1,5,1,2
0.378750654501241,OH,61,1,5,1,2
1.33515632692191,OH,47,1,5,3,2
0.680624553304246,OH,57,1,5,2,3
0.527212426764241,OH,72,1,5,2,1
0.533284328718415,OH,64,1,5,2,3
3.67893409272238,OH,47,1,5,1,1
0.641514912932874,OH,65,1,5,1,1
1.9030573650262,OH,41,1,NA,NA,2
1.90890286134734,OH,70,1,5,1,3
0.97371137293113,OH,60,1,5,1,3
0.409461605860758,OH,68,1,5,2,2
0.363797062746897,OH,57,1,5,1,3
0.526073790628637,OH,79,1,5,3,1
0.18055297614622,OH,77,2,NA,NA,NA
0.475898364662644,OH,61,1,5,3,1
0.358102481954243,OH,54,1,NA,NA,3
0.955502112049332,OH,71,1,5,1,3
0.361918382690301,OH,69,1,5,1,2
0.832236170451904,OH,67,1,5,3,1
1.13251055191095,OH,66,1,5,1,3
0.80045710315098,OH,68,1,5,1,3
1.46584568488951,OH,51,1,5,1,1
0.209033671331166,OH,33,1,5,3,2
1.25549705821754,OH,37,1,NA,NA,3
0.751871026224058,OH,49,1,3,NA,2
1.38663425221315,OH,65,1,5,2,1
0.513324832337178,OH,61,1,4,4,3
0.690513623339364,OH,65,1,5,1,3
0.552825738459078,OH,56,1,5,1,3
1.19405667224725,OH,70,1,5,3,2
0.947309007380717,OH,55,1,5,3,2
0.373070898487085,OH,69,1,5,1,3
0.416562879407078,OH,30,1,1,NA,2
0.278483094449924,OH,66,1,NA,NA,3
0.670269472683277,OH,47,1,5,1,2
1.51176261500774,OH,49,1,5,3,1
0.501136390372319,OH,60,2,NA,NA,NA
1.32602662086655,OH,61,1,5,1,3
0.656164546665632,OH,63,1,5,3,2
0.181470604125545,OH,42,1,NA,NA,2
3.9827117916523,OH,40,1,5,3,3
0.341481892918239,OH,60,1,2,NA,2
1.01280902206684,OH,47,1,NA,NA,3
0.742267586725828,OH,67,1,5,2,2
0.510652852642594,OH,59,1,5,2,2
0.742267586725828,OH,57,1,5,1,2
0.623197093508561,OH,53,1,5,1,3
1.21571544964131,OH,49,1,5,3,3
1.38281214557507,OH,48,1,5,1,2
0.524044337963465,OH,66,1,NA,NA,3
1.02854917875482,OH,55,1,5,1,3
7.42338848612301,OH,39,1,5,1,1
1.42628960228795,OH,57,1,5,1,3
2.56476996097924,OH,49,1,5,1,1
0.632379386449514,OH,53,1,5,1,1
0.789035595787596,OH,28,1,5,1,2
0.998782236393467,OH,47,2,5,1,NA
0.248410324870909,OH,31,1,NA,NA,3
0.230675651792542,OH,67,1,5,1,1
0.237485965653566,OH,47,2,5,1,NA
0.368775201486195,OH,49,1,NA,NA,3
0.206007271136738,OH,85,1,5,1,3
0.525132239027042,OH,53,1,5,1,3
1.18660522150261,OH,59,1,5,1,3
2.18187464756141,OH,56,2,1,NA,NA
0.349635714307234,OH,65,1,5,2,2
0.0801041808130981,OH,62,1,NA,NA,2
0.46580490681188,OH,62,1,5,2,3
1.32721757151767,OH,46,1,5,1,1
0.271562883222577,OH,72,1,5,3,3
0.363797062746897,OH,62,1,5,3,3
1.97830711403896,OH,47,1,5,2,2
3.18200117395662,OH,39,1,5,1,2
0.225624910197905,OH,60,1,5,2,2
0.308916794376179,OH,57,1,NA,NA,3
0.937445215961903,OH,62,1,5,2,3
4.46154110168459,OH,48,1,5,1,3
1.05886155967523,OH,45,1,5,1,2
0.681914525871943,OH,78,1,5,1,3
2.49107368921028,OH,33,1,4,4,3
5.83927483155694,OH,29,1,5,1,1
0.453734423878536,OH,66,1,NA,NA,2
0.335068207766878,OH,70,1,5,2,2
0.321644315713808,OH,60,1,NA,NA,3
0.25102499202062,OH,67,1,5,3,2
0.845821568850673,OH,81,1,5,2,3
0.605954234056036,OH,56,1,5,3,2
0.48659186711506,OH,67,1,5,1,3
0.119052307934846,OH,66,1,1,NA,2
0.682781389043061,OH,62,1,5,1,3
0.769631437709619,OH,56,1,5,3,2
0.225976075851434,OH,59,1,5,2,1
0.702059918466487,OH,70,1,5,1,3
0.741420593892362,OH,63,1,5,1,3
0.267276492926283,OH,61,1,5,2,3
8.85554899281939,OH,36,1,5,3,2
0.682676084782096,OH,38,1,5,3,1
1.48167752693927,OH,45,1,5,1,1
0.126805271688615,OH,52,1,NA,NA,1
0.682140332833377,OH,58,1,5,3,2
0.39787770467264,OH,50,1,5,2,2
0.897608778546343,OH,70,1,5,3,2
0.0875295481053674,OH,62,1,NA,NA,2
6.37968238083059,OH,45,1,5,3,1
0.606056526694654,OH,66,1,5,2,2
0.283444504171606,OH,69,1,5,3,3
0.533878249150145,OH,71,1,5,1,1
4.99945169174002,OH,39,1,5,1,1
1.00084969861285,OH,79,1,5,1,1
0.143743095744697,OH,67,1,5,3,3
1.07764805121956,OH,90,1,5,3,1
0.573328594134421,OH,75,1,5,1,2
0.717816673745242,OH,60,1,5,1,3
0.463932675419326,OH,69,1,NA,NA,2
0.411256305672036,OH,55,1,5,2,3
0.238079074746337,OH,52,1,4,4,2
0.63550920711258,OH,70,1,5,3,3
0.484455814061983,OH,82,1,5,3,2
0.13529087193844,OH,80,1,5,1,3
1.27034860577113,OH,60,1,5,1,3
0.718963118591709,OH,68,1,5,1,3
0.586673694365742,OH,79,1,5,3,3
0.120199375546301,OH,63,1,5,1,1
1.04679523545117,OH,49,1,NA,NA,2
1.64200267469941,OH,72,1,5,3,3
0.572151640197098,OH,64,1,NA,NA,3
0.413407436318048,OH,78,1,5,3,3
0.489720900661903,OH,61,1,5,1,2
0.647688256609984,OH,74,1,5,1,3
0.358102481954243,OH,68,1,NA,NA,3
2.43021322784374,OH,38,1,5,1,3
1.38159442323517,OH,53,1,5,1,3
3.14696640032171,OH,67,1,5,2,2
0.191993633111679,OH,73,1,5,1,3
1.05553250369038,OH,80,1,5,3,3
1.71706190396151,OH,70,1,5,3,3
0.928770016372009,OH,77,1,5,3,1
0.0607101080398012,OH,57,1,NA,NA,2
1.88658827625636,OH,52,1,5,3,2
0.913508530290519,OH,92,1,5,2,3
0.349635714307234,OH,65,1,5,3,1
0.257735363152682,OH,33,1,5,1,3
1.33866540580522,OH,76,1,5,3,3
0.597655926439387,OH,38,1,NA,NA,2
1.87371641142262,OH,41,1,5,1,2
1.75377820908588,OH,63,1,5,1,2
1.67987586070287,OH,52,1,5,1,3
0.455184524221949,OH,67,1,5,1,3
0.890644941428989,OH,70,1,5,3,2
0.558164251231455,OH,57,1,NA,NA,3
0.937792937785327,OH,75,1,5,3,2
0.120199375546301,OH,65,1,5,3,2
2.50514062120204,OH,53,1,5,1,1
1.18603693475292,OH,41,1,5,1,1
1.61431610721149,OH,33,1,5,1,1
0.733876192380962,OH,63,1,5,3,2
0.565753985778426,OH,49,1,5,1,2
0.905468575726461,OH,28,1,5,1,2
0.533878249150145,OH,73,1,5,1,3
1.53665908162525,OH,30,1,5,1,3
0.161129837184026,OH,52,1,5,1,2
0.331275578803357,OH,42,1,NA,NA,3
0.66539221083247,OH,32,1,5,1,2
0.753890924543011,OH,65,1,NA,NA,1
2.38548913289114,OH,47,1,5,1,2
1.76961242324199,OH,27,1,NA,NA,1
1.73137376006425,OH,25,1,5,3,1
1.03902114498214,OH,80,1,NA,NA,2
0.880601873824159,OH,67,1,5,2,1
1.30004366882766,OH,49,1,5,2,2
1.54131715761701,OH,62,1,5,3,1
3.59584236174221,OH,32,1,5,1,1
1.1246238442869,OH,53,1,5,1,1
0.605954234056036,OH,53,1,5,3,2
2.11746667036752,OH,48,1,NA,NA,2
0.923615977955693,OH,30,1,5,1,2
0.568319010329214,OH,68,1,NA,NA,2
2.38548913289114,OH,47,1,5,1,2
0.817802090105491,OH,67,1,5,1,2
1.65134751336971,OH,23,1,5,2,3
2.05975756854358,OH,61,1,3,NA,3
1.56190006078742,OH,38,1,NA,NA,2
0.823375431869422,OH,69,1,5,1,3
0.389415384225905,OH,81,1,NA,NA,2
5.56823180369823,OH,23,1,5,3,3
2.08025109915162,OH,49,1,5,3,1
0.630411320819468,OH,71,1,5,2,2
0.798508469138786,OH,68,1,5,1,2
9.62167802884536,OH,44,1,5,1,1
0.551148292283453,OH,68,1,NA,NA,3
1.43382122682816,OH,73,1,5,3,3
0.933983890120393,OH,58,1,NA,NA,1
0.637107747566706,OH,42,1,5,1,2
1.65636530769759,OH,39,1,5,2,2
3.15305985953119,OH,52,2,NA,NA,NA
4.67314934851138,OH,28,1,5,1,2
1.15859416022532,OH,48,1,NA,NA,3
0.133481761132906,OH,49,1,NA,NA,2
0.308566079673516,OH,30,1,5,3,2
0.112884620148112,OH,67,1,NA,NA,2
0.782265499570405,OH,30,1,5,3,2
0.667819771706464,OH,29,1,NA,NA,1
1.19111005740971,OH,80,1,5,3,1
0.435312180745492,OH,53,1,NA,NA,2
0.124182745068859,OH,27,2,NA,NA,NA
0.723354568999971,OH,57,1,NA,NA,2
0.47285764913283,OH,62,1,5,1,2
1.21709373116472,OH,26,1,5,1,1
0.666574163341087,OH,38,1,NA,NA,2
0.859994209892529,OH,27,1,5,1,3
0.144205362128217,OH,44,1,5,1,2
1.47521661394628,OH,71,1,5,1,1
0.500558531754897,OH,73,1,NA,NA,3
1.57917833725544,OH,41,1,5,1,3
0.228553282503282,OH,76,1,5,3,2
1.06717462959259,OH,68,1,5,1,1
2.33418699091958,OH,72,1,NA,NA,2
0.464090207453519,OH,34,1,2,NA,1
0.383050752187326,OH,70,1,5,3,3
0.726928715033585,OH,63,1,5,1,3
2.05975756854358,OH,69,1,1,NA,2
1.42893765835521,OH,79,1,5,1,NA
0.642343048620789,OH,75,2,NA,NA,NA
0.797679089003929,OH,60,1,NA,NA,1
1.03957892606036,OH,33,1,5,2,1
0.314394336804318,OH,82,1,5,2,3
0.211830044042756,OH,61,1,5,1,2
0.394511667407271,OH,69,1,5,1,3
0.577661598011985,OH,67,1,5,1,2
0.724504140769466,OH,40,1,NA,NA,1
0.799561757805986,OH,71,1,5,1,2
0.756996644711658,OH,65,1,5,1,2
0.425192032597063,OH,89,1,NA,NA,3
1.33541372286288,OH,71,1,5,3,1
1.1794314373283,OH,49,1,5,1,2
0.664556517257824,OH,73,1,5,3,2
0.13529087193844,OH,79,1,5,1,3
1.63904216736346,OH,66,1,5,1,1
0.206007271136738,OH,72,1,5,1,3
1.17811572327294,OH,73,1,5,3,3
1.43883859350259,OH,54,1,5,1,2
0.81889478091885,OH,83,1,5,3,2
0.542025202463978,OH,49,3,NA,NA,NA
0.562495594306276,OH,76,1,1,NA,3
3.66021106551937,OH,40,1,5,1,2
2.91300888805959,OH,70,2,NA,NA,NA
2.27644559748846,OH,71,1,5,1,3
0.72709825935774,OH,75,1,5,1,2
0.593227822203665,OH,58,1,1,NA,2
0.466998645797005,OH,76,1,5,2,2
1.51546676020987,OH,30,1,NA,NA,2
0.19587601927194,OH,57,1,5,1,1
1.15796840114306,OH,71,1,5,3,1
0.573328594134421,OH,89,1,5,3,2
2.61334504613997,OH,43,1,5,1,1
0.637154467873545,OH,42,1,5,1,2
0.25102499202062,OH,55,1,5,2,2
0.471818612432763,OH,40,1,NA,NA,1
0.104546382960517,OH,74,1,NA,NA,2
0.423823876485847,OH,66,1,5,3,1
0.441700771737809,OH,35,1,NA,NA,1
0.0793407545944127,OH,63,1,NA,NA,2
0.61483830736147,OH,70,1,5,1,3
0.655430578440577,OH,78,1,5,2,1
0.194042581075085,OH,46,1,5,1,1
4.7958519769945704,OH,38,1,5,1,3
0.276658512595222,OH,69,1,NA,NA,2
0.708160248116261,OH,72,1,5,1,1
0.295191841085207,OH,49,1,5,1,3
0.381072644383584,OH,76,1,5,2,2
1.15641979407832,OH,70,1,NA,NA,2
0.877675111229798,OH,70,1,5,1,2
0.436109314076662,OH,61,2,NA,NA,NA
0.626822582132808,OH,65,1,NA,NA,2
0.913427535226145,OH,82,1,5,3,3
1.02874822173963,OH,70,1,5,1,3
0.37075375310236097,OH,34,2,NA,NA,NA
0.143743095744697,OH,65,1,5,3,1
0.387850453545133,OH,73,1,NA,NA,3
0.727162732310494,OH,77,1,5,3,2
0.436109314076662,OH,56,1,NA,NA,1
0.25102499202062,OH,66,1,5,1,2
0.231507209388821,OH,65,1,5,3,2
1.1002348822424,OH,31,1,5,1,2
0.514644154721155,OH,64,1,5,1,2
0.790545760056087,OH,65,1,5,1,3
0.0921619844514915,OH,70,1,1,NA,4
4.90323110306477,OH,54,1,5,1,1
0.727710536677809,OH,47,1,NA,NA,2
0.55173644781406606,OH,39,1,5,1,2
0.635451119487525,OH,46,1,NA,NA,2
1.07481006661477,OH,45,1,5,3,3
1.35216515173146,OH,52,1,5,1,3
0.508993240172971,OH,35,1,1,NA,2
0.321106974096771,OH,78,1,5,3,2
0.368776317913611,OH,63,2,NA,NA,NA
0.220850385868905,OH,31,1,5,1,1
0.446022511896816,OH,59,1,NA,NA,1
0.911615636664476,OH,65,1,5,1,3
1.43883859350259,OH,54,1,5,1,2
0.667228634511065,OH,75,1,5,3,3
0.766317599146919,OH,51,1,5,1,2
0.119052307934846,OH,61,1,NA,NA,2
0.762576483106257,OH,59,1,NA,NA,1
0.225624910197905,OH,65,1,5,3,2
0.720687683969443,OH,72,1,5,1,3
1.75108766941735,OH,41,1,NA,NA,1
0.533878249150145,OH,70,1,5,1,3
0.581992913233697,OH,71,1,5,3,1
1.1011379282013,OH,57,1,5,2,2
1.2334161141555,OH,71,1,1,NA,1
0.63791618029326,OH,59,1,5,1,1
0.403897941912543,OH,64,1,5,3,1
0.379669557499416,OH,48,1,5,1,3
0.792290609022736,OH,27,1,5,3,3
0.531367117924742,OH,60,1,5,1,2
1.14823450418941,OH,31,1,NA,NA,2
2.0275128285617,OH,71,1,5,3,3
0.841225792279072,OH,58,1,5,3,2
1.19230465477051,OH,71,1,5,1,1
1.00194562002506,OH,61,1,5,2,3
0.885489410814012,OH,28,1,5,3,1
3.80934010626149,OH,27,1,NA,NA,2
0.567431642719463,OH,77,1,NA,NA,3
15.0006466337489,OH,23,1,5,1,1
0.596495051189387,OH,72,1,5,3,2
0.564249532898228,OH,57,1,5,1,3
1.43581260068972,OH,81,1,5,2,2
1.11404989126645,OH,42,2,NA,NA,NA
0.254858623562799,OH,50,1,NA,NA,3
0.289917242507016,OH,68,1,5,1,2
1.99484347479391,OH,29,1,5,1,2
0.882180775371323,OH,77,1,5,3,1
0.211830044042756,OH,59,1,5,3,2
0.38189810560095,OH,45,1,NA,NA,2
0.206007271136738,OH,77,1,5,2,3
1.42628960228795,OH,60,1,5,1,3
0.439695412086699,OH,73,1,NA,NA,2
0.545462408968222,OH,67,1,5,3,2
0.440820404904633,OH,39,1,5,1,2
0.691328929268876,OH,59,1,NA,NA,2
0.135896429078245,OH,48,2,NA,NA,NA
2.75702275038352,OH,75,1,5,3,3
1.14742155939758,OH,53,1,5,1,1
1.64410944367894,OH,40,2,NA,NA,NA
0.225976075851434,OH,63,1,5,1,3
1.27021320075922,OH,50,1,5,3,1
1.73717743586559,OH,38,1,5,1,1
0.787703668544202,OH,53,1,5,3,2
0.398707426723864,OH,58,1,5,2,2
0.206007271136738,OH,82,1,5,1,3
1.16259577693219,OH,47,1,5,1,1
0.492870705031345,OH,84,1,5,3,3
0.356993737030726,OH,77,1,5,1,1
1.18660522150261,OH,55,1,5,1,3
0.504391584291146,OH,75,1,5,1,3
0.316932039486937,OH,59,1,NA,NA,1
0.741602744666268,OH,37,1,5,1,2
3.08482319733737,OH,36,1,NA,NA,1
5.63443707364335,OH,32,1,5,1,2
0.89681791861317794,OH,70,1,5,1,3
1.30657998765773,OH,49,1,5,3,2
0.119052307934846,OH,64,1,NA,NA,2
2.44031923594006,OH,37,1,5,1,2
0.383735463719818,OH,54,1,NA,NA,1
0.620342008741766,OH,69,1,NA,NA,2
0.99382673641007,OH,49,1,5,2,2
1.86298677673288,OH,61,1,5,2,1
1.22017484025382,OH,74,1,5,3,1
0.903634703830942,OH,42,1,NA,NA,1
1.1011379282013,OH,57,1,5,1,3
0.152829021525729,OH,83,1,5,3,2
0.0921619844514915,OH,81,1,NA,NA,3
0.904687677040813,OH,52,1,5,3,2
0.710490505547088,OH,70,1,5,1,1
0.648854421004985,OH,62,1,5,1,3
0.39930848729892,OH,79,1,NA,NA,2
2.14449248810947,OH,75,1,5,1,1
1.40209308973033,OH,24,1,5,3,1
3.8822145551487,OH,55,1,5,1,1
1.3482614919937,OH,61,3,4,4,NA
1.27891558298043,OH,56,1,5,1,3
0.442373730039831,OH,60,1,NA,NA,3
1.05350982797048,OH,51,1,5,3,3
0.573328594134421,OH,74,1,5,2,2
1.49334898124624,OH,33,1,5,2,2
0.226426811318102,OH,28,1,5,3,2
0.132014289825446,OH,73,1,5,3,1
0.2016413977006,OH,62,1,5,2,2
0.441700771737809,OH,44,2,NA,NA,NA
0.651001586961973,OH,28,1,5,3,3
2.11328719465258,OH,38,1,5,1,2
0.141171186276521,OH,69,1,5,3,2
0.127241799108345,OH,56,1,5,1,1
1.1211380364678,OH,30,2,NA,NA,NA
0.492870705031345,OH,77,1,5,3,3
0.533404294169134,OH,71,1,NA,NA,2
0.437251601313603,OH,80,1,5,1,2
0.920412541636121,OH,71,1,5,1,2
4.09213821698525,OH,52,1,5,1,1
1.82639736763823,OH,65,1,5,1,3
0.214169703876111,OH,78,1,NA,NA,2
2.69404920519971,OH,74,1,5,1,2
1.26912393351524,OH,27,1,5,1,1
0.896831869266956,OH,29,1,NA,NA,1
1.24112144226565,OH,57,1,1,NA,1
0.283444504171606,OH,69,1,5,1,3
0.856948500260085,OH,62,1,5,1,3
0.364212661541321,OH,50,1,5,1,3
0.37174599289983,OH,66,1,5,1,2
1.01121131607341,OH,69,1,5,1,2
0.672895255589818,OH,77,1,5,1,1
0.777519629797338,OH,47,1,5,1,1
0.768598148408174,OH,34,1,5,3,2
1.64470122998015,OH,28,1,2,NA,1
1.16818816912103,OH,73,1,5,1,3
0.297121626294097,OH,56,1,NA,NA,1
1.33734201386505,OH,52,1,5,1,3
0.394080741283474,OH,62,1,NA,NA,2
4.7868082379018,OH,60,1,5,1,1
0.468402661386841,OH,51,1,5,3,2
1.12017705415463,OH,67,1,5,1,3
1.27443538427266,OH,63,1,5,1,1
0.785569251539148,OH,58,1,5,2,2
0.309055387939184,OH,54,1,5,2,2
0.390003892479491,OH,61,1,NA,NA,2
0.761238629511456,OH,61,1,5,1,1
1.07643899954354,OH,68,1,5,1,3
2.42180566918602,OH,43,1,5,1,2
0.661530711986911,OH,57,1,5,1,2
0.306209906839058,OH,57,1,NA,NA,2
1.23263502466542,OH,61,1,5,3,1
0.661530711986911,OH,50,1,5,1,2
0.289735745572006,OH,64,1,NA,NA,1
0.750381953099069,OH,39,1,NA,NA,1
0.531367117924742,OH,58,1,5,1,2
0.935373026290644,OH,56,1,5,3,2
0.0607101080398012,OH,60,1,NA,NA,2
0.840215360859226,OH,75,1,5,1,2
0.844515185783995,OH,53,1,5,1,4
0.493030228627323,OH,75,1,NA,NA,2
1.88204880608929,OH,49,1,5,1,1
1.65659350195569,OH,27,1,5,2,2
0.594439861664078,OH,56,1,5,1,3
0.920412541636121,OH,71,1,5,1,2
1.14742344417843,OH,24,1,5,3,4
0.462090634874802,OH,73,1,NA,NA,2
1.0332890669979,OH,80,1,5,3,2
0.436109314076662,OH,58,1,4,3,1
4.44860885722738,OH,31,1,5,1,3
0.832340519626363,OH,69,1,5,1,3
1.06929358171602,OH,30,1,5,1,2
0.545462408968222,OH,68,1,5,3,2
0.309055387939184,OH,58,1,5,3,2
1.37579135784395,OH,82,1,5,1,3
1.94016865670849,OH,46,1,NA,NA,2
0.85961599776486,OH,55,1,5,3,3
0.177793158782169,OH,72,1,5,1,3
1.3114515421036,OH,52,1,5,2,3
0.454665118502481,OH,55,1,5,1,3
1.25808813270743,OH,72,1,5,3,3
0.353843169506316,OH,33,1,1,NA,1
0.722227459115978,OH,52,1,NA,NA,1
0.221366342325902,OH,54,1,NA,NA,1
0.289015561307199,OH,50,1,NA,NA,2
1.2319673492355,OH,53,1,5,1,3
1.81207547136912,OH,71,1,5,1,2
0.0948846707833209,OH,70,1,NA,NA,2
1.66196993750934,OH,31,1,5,1,1
1.85534508008631,OH,28,1,5,3,1
0.635401789338048,OH,40,1,NA,NA,2
1.37126847214498,OH,69,1,5,3,2
0.162938722816864,OH,69,1,NA,NA,1
0.252429714692988,OH,67,1,NA,NA,2
1.45633890031869,OH,42,1,5,1,2
0.371792199674601,OH,66,1,NA,NA,2
0.607599513789028,OH,65,1,5,2,2
0.667537503466107,OH,69,1,5,1,3
1.27021320075922,OH,67,1,5,1,2
0.748014221888075,OH,66,1,5,1,1
0.742267586725828,OH,64,1,5,1,2
1.52093904974494,OH,65,1,5,3,3
0.623639094088095,OH,34,1,5,3,3
2.11151960191403,OH,76,1,5,3,2
0.570442649245548,OH,62,1,5,2,2
1.01861035401089,OH,32,1,NA,NA,3
0.347167332299468,OH,56,1,5,1,3
0.120211811415363,OH,48,1,5,3,1
0.322015236714089,OH,47,1,NA,NA,2
0.383735463719818,OH,68,1,3,NA,1
0.281980771800823,OH,53,1,5,2,2
0.605954234056036,OH,56,1,5,2,2
2.08616519040356,OH,75,1,5,1,3
0.442373730039831,OH,64,1,NA,NA,3
0.394366991237347,OH,87,1,5,3,3
0.831057370788311,OH,63,1,5,1,3
1.01280902206684,OH,37,1,4,1,2
1.53665908162525,OH,30,1,5,1,3
5.89835618995917,OH,23,1,5,3,3
0.642343048620789,OH,73,1,3,NA,3
0.556499524191666,OH,32,2,NA,NA,NA
1.21351676187485,OH,70,1,NA,NA,2
10.7998460361722,OH,25,1,NA,NA,1
0.476442027069176,OH,65,1,5,1,2
0.201936557370093,OH,47,1,5,1,1
0.158478283039781,OH,68,1,NA,NA,3
0.217050911065339,OH,76,1,5,2,1
0.126805271688615,OH,59,1,NA,NA,2
0.545462408968222,OH,68,1,5,1,2
1.05553162206282,OH,58,1,5,1,1
0.804842968326341,OH,28,1,2,NA,1
0.492259124786743,OH,61,1,5,3,2
6.20447153356621,OH,56,1,5,3,NA
0.932484218598088,OH,65,1,5,1,2
2.72578743714756,OH,34,1,5,1,2
1.00194562002506,OH,68,1,5,1,NA
0.328059246343546,OH,69,1,5,3,2
0.832903258778177,OH,33,1,5,1,1
0.463932675419326,OH,58,1,NA,NA,2
2.39362408091539,OH,46,1,5,1,3
0.595427461659562,OH,66,1,5,3,2
0.516116409737764,OH,69,1,5,2,2
0.387004952918398,OH,68,1,NA,NA,2
0.673283174331171,OH,77,1,5,3,2
0.197890558601,OH,58,1,NA,NA,2
0.944298682425941,OH,47,1,5,2,2
0.553696332324523,OH,38,1,NA,NA,2
0.155919443163371,OH,57,1,5,3,1
1.37579135784395,OH,77,1,5,1,3
0.420180828344536,OH,69,1,5,3,3
1.56849656779924,OH,38,1,5,1,2
0.843086899181968,OH,77,1,5,1,2
0.268764997969585,OH,52,2,NA,NA,NA
0.475898364662644,OH,62,1,5,1,2
2.90089603363859,OH,40,2,NA,NA,NA
0.656164546665632,OH,61,1,5,1,2
0.932484218598088,OH,61,1,5,3,3
0.753068496081898,OH,54,1,3,NA,1
1.65605788188259,OH,41,1,5,3,1
0.533404294169134,OH,76,1,NA,NA,2
0.655415805000848,OH,63,1,5,3,3
1.67506734200886,OH,59,1,5,1,1
0.690513623339364,OH,50,1,5,1,3
1.56564901719742,OH,36,2,2,NA,NA
3.39538678996155,OH,25,1,5,2,2
0.29006673732233,OH,62,1,NA,NA,3
0.277815490374851,OH,85,1,NA,NA,3
0.401661928044622,OH,67,1,5,1,2
8.64629280219537,OH,38,1,5,1,3
0.337348685440227,OH,55,1,NA,NA,2
0.442339585065836,OH,61,1,5,1,3
0.138676237979081,OH,41,2,NA,NA,NA
2.80832577482041,OH,49,1,5,1,2
0.310190252790651,OH,36,1,NA,NA,2
0.19587601927194,OH,61,1,5,1,3
2.31484548973969,OH,26,1,NA,NA,2
0.383375178559969,OH,62,1,NA,NA,3
1.13534204648961,OH,57,1,5,1,1
1.36646829246702,OH,26,1,5,1,3
0.347427292337828,OH,66,1,NA,NA,2
0.474286868352651,OH,37,1,5,1,1
1.14015949367072,OH,65,1,NA,NA,1
0.0982650984998616,OH,54,1,5,1,1
1.18373889929148,OH,44,1,5,1,3
0.798508469138786,OH,68,1,5,1,3
0.529534279803863,OH,54,2,NA,NA,NA
0.394080741283474,OH,57,1,NA,NA,2
0.46580490681188,OH,53,1,5,3,1
0.76243453659898,OH,62,1,5,1,3
0.156985193501645,OH,58,1,NA,NA,2
0.826502039196429,OH,77,1,5,1,1
0.33008100418677,OH,57,1,5,1,2
1.17052116036557,OH,59,1,5,1,3
0.584479942386231,OH,41,1,NA,NA,2
1.26107298091742,OH,35,1,5,1,1
1.27891558298043,OH,57,1,5,1,3
2.65484711123031,OH,42,1,5,1,1
0.63808272117801,OH,64,1,NA,NA,3
0.22070912434828,OH,52,1,5,1,2
0.271469867607157,OH,72,1,NA,NA,3
1.35370985416165,OH,58,1,5,1,3
0.189365579715731,OH,68,1,5,3,2
0.455184524221949,OH,66,1,5,1,3
0.659683001623715,OH,32,1,5,3,2
0.199721450643011,OH,67,1,5,1,1
1.11370605087864,OH,81,1,5,3,3
0.618793425854181,OH,56,1,NA,NA,1
0.520979932430849,OH,28,1,NA,NA,2
0.510652852642594,OH,62,1,5,1,2
0.581196446377906,OH,31,1,5,1,2
2.14553220814256,OH,45,1,NA,NA,1
0.859855440145484,OH,71,1,5,3,2
7.3556327203344,OH,27,2,5,3,NA
1.7262787327396,OH,59,2,NA,NA,NA
1.03600630573307,OH,59,1,5,3,2
0.784326472084978,OH,58,1,NA,NA,1
0.631908641334268,OH,41,2,NA,NA,NA
0.606917091824988,OH,47,1,5,1,2
0.364212661541321,OH,68,1,5,3,3
1.18915640768485,OH,25,1,5,1,1
1.23334560934362,OH,48,1,5,1,2
1.1082297290412,OH,37,1,5,1,2
1.00194562002506,OH,69,1,5,1,3
0.682676084782096,OH,38,1,5,3,1
0.41669175518603,OH,51,1,NA,NA,2
2.15399043394794,OH,33,1,5,2,2
0.66539221083247,OH,32,1,5,3,2
0.607599513789028,OH,66,1,5,1,2
0.933292901654909,OH,78,2,NA,NA,NA
1.19405667224725,OH,76,1,5,1,2
0.646820401311161,OH,69,1,5,1,2
1.78833976665498,OH,65,1,5,1,1
3.76761329388502,OH,36,1,5,2,1
0.656164546665632,OH,62,1,5,NA,2
0.955111565518949,OH,60,1,5,3,2
1.30422859730334,OH,57,1,5,2,2
1.09050050821914,OH,78,1,5,1,2
0.466255342991784,OH,67,1,5,3,1
0.106896484815546,OH,30,1,1,NA,3
1.31449059313564,OH,30,1,5,3,2
2.10985418109894,OH,62,1,1,NA,2
1.82099696386382,OH,80,1,5,3,1
2.69404920519971,OH,74,1,5,1,2
1.49769003544875,OH,71,1,5,3,1
1.85363942261378,OH,59,1,5,3,3
0.693408584985527,OH,27,1,1,NA,1
1.06006182526885,OH,33,2,5,1,NA
0.353660805544961,OH,32,1,5,1,2
0.335834303368031,OH,31,3,4,4,NA
0.448242900090152,OH,55,1,1,NA,3
2.00525342846992,OH,75,1,5,3,3
0.0681967280762557,OH,56,2,NA,NA,NA
0.460144600221791,OH,55,2,NA,NA,NA
0.548369159454743,OH,27,1,5,1,2
0.518007577570746,OH,25,1,5,3,3
0.901976359135527,OH,66,1,5,3,2
1.76961242324199,OH,25,2,3,NA,NA
1.42265479318504,OH,55,1,5,1,3
0.259569209846173,OH,30,1,1,NA,1
0.633779956542874,OH,32,1,NA,NA,1
1.90890286134734,OH,78,1,5,1,3
0.793566322053674,OH,34,1,5,1,2
1.4917011876412,OH,25,1,NA,NA,3
0.391217843577525,OH,40,2,NA,NA,NA
0.378775577307798,OH,68,1,NA,NA,2
0.0681967280762557,OH,64,1,NA,NA,3
0.30978769248279,OH,35,1,NA,NA,2
0.336118244670132,OH,32,1,NA,NA,2
1.02638931240167,OH,37,1,5,1,3
0.252686369227432,OH,35,1,NA,NA,4
1.07756777705707,OH,54,1,5,1,2
0.620342008741766,OH,69,1,5,1,3
0.606906189113398,OH,63,1,5,3,1
1.2334161141555,OH,71,1,1,NA,1
0.840215360859226,OH,75,1,5,1,2
0.492618809316087,OH,59,2,4,3,NA
0.919064942753893,OH,65,1,3,NA,2
0.674793571631359,OH,74,1,5,3,3
0.498241441567764,OH,70,1,3,NA,1
1.00804950821491,OH,52,1,5,1,1
1.91176384834089,OH,44,1,5,3,2
0.99718454017239,OH,36,2,NA,NA,NA
1.6853579506518,OH,73,1,5,1,1
1.19521571636347,OH,50,1,5,2,1
2.21606787099531,OH,46,1,5,1,1
3.39613049531473,OH,31,1,5,2,2
1.29801319857887,OH,82,1,5,3,1
0.613094459572905,OH,65,1,5,1,1
0.723659716331478,OH,23,2,NA,NA,NA
0.663241055426471,OH,73,1,5,1,3
0.699387729143117,OH,66,1,5,1,2
0.504391584291146,OH,79,1,5,3,3
0.659683001623715,OH,33,1,5,1,2
1.68331429471914,OH,61,1,5,3,1
0.753982771511355,OH,73,1,3,NA,3
0.527947098524662,OH,84,1,5,3,2
0.710410386922088,OH,75,1,5,3,2
0.978155311681672,OH,68,1,5,1,3
0.605142021067577,OH,25,1,5,3,2
0.574957292534854,OH,67,1,5,1,3
0.829267271504271,OH,59,1,4,4,3
0.955111565518949,OH,60,1,5,2,2
0.203404663101663,OH,69,1,NA,NA,3
0.598537076472116,OH,61,1,5,1,3
0.763826854839459,OH,68,1,5,1,3
0.849624840279292,OH,37,3,5,3,NA
0.0681967280762557,OH,69,1,NA,NA,1
0.126805271688615,OH,59,1,NA,NA,3
0.8916731265898,OH,57,1,5,3,2
0.844364739617012,OH,58,1,5,3,3
1.46578781730111,OH,80,1,5,1,3
0.371144327526364,OH,63,1,5,3,2
3.35392967071362,OH,47,1,5,1,1
1.10886588710746,OH,54,1,5,1,1
0.545462408968222,OH,67,1,5,3,2
1.00041192480034,OH,29,1,5,1,3
0.532912202946177,OH,35,1,5,1,2
0.444894531660641,OH,56,1,5,1,1
0.656164546665632,OH,61,1,5,3,2
0.789035595787596,OH,34,1,5,1,2
2.00525342846992,OH,73,1,5,3,3
1.02854917875482,OH,64,1,5,3,3
0.78449035781661,OH,52,2,NA,NA,NA
0.308566079673516,OH,31,1,5,1,2
0.90724464023881,OH,76,1,5,1,2
0.362331835295966,OH,58,1,5,3,2
0.682781389043061,OH,60,1,5,1,2
1.42893229354573,OH,24,1,5,3,3
0.451683994701602,OH,35,1,NA,NA,2
0.927041504987887,OH,65,1,5,2,3
0.742267586725828,OH,58,1,5,3,2
1.35827771821808,OH,65,1,5,2,3
0.455184524221949,OH,67,1,5,1,3
1.25504506117119,OH,30,1,5,3,3
1.27059475894198,OH,56,1,5,3,3
0.932484218598088,OH,57,1,5,1,1
1.28706644052335,OH,57,1,5,3,2
1.32602662086655,OH,57,1,5,3,3
1.35474369871341,OH,34,1,5,1,3
0.501136390372319,OH,54,1,1,NA,3
1.32721757151767,OH,46,1,5,1,1
0.622377309921917,OH,63,1,5,1,1
1.31827253782623,OH,34,1,5,3,1
0.353660805544961,OH,26,1,5,3,2
1.49769003544875,OH,74,1,5,3,3
4.07266279571412,OH,42,1,5,1,1
0.949087481683088,OH,76,1,5,1,2
8.71792201030078,OH,40,1,NA,NA,1
1.45633890031869,OH,46,1,5,1,2
1.1246238442869,OH,57,1,5,1,3
1.98996858009214,OH,63,1,5,3,1
0.578145478877984,OH,55,1,NA,NA,2
1.82639736763823,OH,51,1,5,1,3
1.00804950821491,OH,56,1,5,2,2
1.27253536931752,OH,50,1,1,NA,3
1.05553250369038,OH,74,1,5,1,2
0.596552580470435,OH,27,1,5,3,1
0.742267586725828,OH,58,1,5,3,2
1.52093904974494,OH,59,1,5,1,3
2.75702275038352,OH,76,1,5,3,3
2.88600326162726,OH,48,1,2,NA,1
0.475334035920706,OH,56,1,NA,NA,1
0.67212352240573,OH,61,1,5,3,2
1.45245862623804,OH,74,1,5,1,2
0.788820939965231,OH,23,1,5,3,1
6.68306366129047,OH,71,1,5,3,3
0.477504494563616,OH,37,2,NA,NA,NA
0.835389204988771,OH,84,3,2,NA,NA
2.84140915865756,OH,60,2,NA,NA,NA
0.550500801328166,OH,33,1,5,1,3
1.43581260068972,OH,76,1,5,2,3
0.441700771737809,OH,62,1,NA,NA,1
0.846603137290882,OH,32,1,NA,NA,3
0.733876192380962,OH,56,1,5,1,2
0.449858478686642,OH,26,1,NA,NA,2
1.44602726154887,OH,25,1,5,1,2
1.80769241175264,OH,23,1,5,1,2
0.624533866092577,OH,50,1,5,1,1
1.89697825257203,OH,80,1,5,3,3
0.504391584291146,OH,73,1,5,1,3
1.00825586450367,OH,43,2,NA,NA,NA
0.572151640197098,OH,59,3,NA,NA,NA
0.817079925721619,OH,58,2,1,NA,NA
0.496071669018269,OH,64,1,5,1,2
1.1977185424176,OH,26,1,NA,NA,2
0.794843144997772,OH,65,1,5,3,1
3.14627725844055,OH,53,1,5,3,4
2.71733982532071,OH,43,1,5,3,1
0.988066151324532,OH,73,1,5,1,2
1.23630755411823,OH,51,1,5,1,3
2.65484711123031,OH,49,1,5,1,3
0.578145478877984,OH,61,1,NA,NA,1
0.180060774587308,OH,27,1,NA,NA,4
9.62167802884536,OH,44,1,5,1,1
0.753890924543011,OH,55,2,NA,NA,NA
1.41393359476852,OH,60,1,5,1,3
1.86530134207303,OH,71,1,5,3,3
0.686946234671935,OH,47,1,5,2,1
1.05553250369038,OH,74,1,5,1,1
1.19230465477051,OH,78,1,5,1,3
1.73270453444118,OH,62,1,5,1,2
0.556499524191666,OH,32,2,NA,NA,NA
2.15399043394794,OH,32,1,5,3,1
0.474395830119453,OH,49,1,5,2,1
0.425218627160444,OH,78,1,NA,NA,2
0.19587601927194,OH,61,1,5,1,1
0.545462408968222,OH,69,1,5,1,2
0.742267586725828,OH,64,1,5,1,3
1.00527081349854,OH,24,1,1,NA,4
4.7868082379018,OH,60,1,5,1,1
1.37579169399228,OH,60,1,3,NA,2
0.550500801328166,OH,31,1,5,1,3
1.36856629567228,OH,49,1,5,1,3
1.06405501417358,OH,28,1,5,2,1
1.29382291647526,OH,37,1,5,1,3
0.944550670771872,OH,59,1,5,1,4
1.44854655405552,OH,44,2,NA,NA,NA
1.35370985416165,OH,54,1,5,2,1
0.223614451062174,OH,50,1,NA,NA,2
3.31909190740777,OH,56,1,5,1,4
0.253759221816557,OH,84,1,5,1,3
1.1211380364678,OH,26,2,NA,NA,NA
0.818736340536649,OH,60,1,5,2,2
0.623197093508561,OH,55,1,5,1,3
0.867574478631221,OH,76,1,5,1,2
6.12630577600804,OH,26,1,5,1,1
1.75355075966214,OH,55,1,5,3,3
1.37126847214498,OH,69,1,5,3,2
1.43581260068972,OH,76,1,5,1,3
0.321258323778449,OH,74,1,5,3,2
0.218444080747088,OH,31,1,NA,NA,2
4.18151903593113,OH,48,1,5,2,1
0.765703337016712,OH,64,2,NA,NA,NA
1.50005068642931,OH,70,1,5,1,3
0.801347510637458,OH,60,1,5,2,1
1.12074396516573,OH,73,1,5,1,2
0.455184524221949,OH,69,1,5,3,3
1.85364910496727,OH,73,1,5,3,3
1.58145882604141,OH,80,1,5,1,2
1.50969988170359,OH,85,1,5,3,1
1.82245196808567,OH,25,1,NA,NA,2
1.47551715454438,OH,68,1,5,1,2
0.656162560203775,OH,43,1,5,1,2
0.835389204988771,OH,73,1,3,NA,2
0.646820401311161,OH,63,1,5,1,2
1.39616989794931,OH,43,1,5,3,2
2.03851479729001,OH,72,1,5,2,3
0.656164546665632,OH,63,1,5,3,2
1.19230465477051,OH,75,1,5,1,1
1.35370985416165,OH,54,1,5,3,3
1.78750740955177,OH,28,1,5,1,1
0.565664853771238,OH,76,1,5,2,1
0.843086899181968,OH,74,1,5,1,2
0.604428828288974,OH,79,1,5,1,2
1.49519208807348,OH,32,1,5,1,1
0.397275564203789,OH,68,1,5,1,2
1.74947884851243,OH,57,1,5,2,1
0.158325099864309,OH,45,1,5,1,1
0.974823732854136,OH,54,1,5,1,3
0.239424668041826,OH,32,2,NA,NA,NA
1.12779914767751,OH,57,1,5,1,1
0.576849318203488,OH,43,2,NA,NA,NA
1.59620355330173,OH,70,1,5,1,1
0.142385461473623,OH,29,1,5,3,1
0.657015764772706,OH,62,1,5,3,1
1.73975580646602,OH,56,1,5,1,2
0.598077380205855,OH,31,1,5,1,1
0.843086899181968,OH,73,1,5,3,2
1.85363942261378,OH,59,1,5,3,3
0.0876295411465272,OH,61,2,NA,NA,NA
0.499137608889199,OH,34,1,NA,NA,2
3.74691243837731,OH,33,1,5,2,2
5.3926641493571,OH,43,1,5,1,1
1.28166022197299,OH,76,2,NA,NA,NA
0.616094933005865,OH,77,1,5,1,1
1.80962640180698,OH,55,1,5,1,1
2.21833735431242,OH,35,1,5,3,1
1.47552486180314,OH,76,1,5,1,2
0.115909106807044,OH,48,2,NA,NA,NA
0.67205727282454,OH,54,1,5,3,2
0.78467268121077,OH,47,1,NA,NA,1
0.335834303368031,OH,29,1,NA,NA,2
0.680426279523013,OH,50,1,NA,NA,1
1.1033068001369,OH,62,1,5,1,2
1.33831828963604,OH,26,1,5,3,2
0.646820401311161,OH,60,1,5,1,2
0.322457301710149,OH,33,2,NA,NA,NA
1.38105337712583,OH,52,2,NA,NA,NA
0.606917091824988,OH,48,1,5,3,2
1.87360343310315,OH,31,1,5,1,1
2.71177663357036,OH,39,2,NA,NA,NA
0.878615787311755,OH,57,1,5,1,3
0.750381953099069,OH,47,1,NA,NA,2
0.825476471407277,OH,52,1,5,2,2
0.973063301596053,OH,32,1,NA,NA,1
1.02675600077933,OH,31,1,NA,NA,3
0.37075375310236097,OH,34,1,2,NA,1
2.28921999974334,OH,34,1,5,3,3
1.10994760955218,OH,27,1,5,1,1
1.21068403678565,OH,65,1,5,1,1
1.61757761923518,OH,27,1,5,3,3
0.717450559312168,OH,30,2,NA,NA,NA
0.53325566776051,OH,28,1,5,2,2
0.0897608323422796,OH,64,2,NA,NA,NA
2.87694929569608,OH,30,1,5,1,1
0.864112607399517,OH,29,1,5,1,3
1.06405501417358,OH,29,1,5,1,1
1.50636290022372,OH,31,1,5,1,1
0.561444733110979,OH,31,1,NA,NA,2
0.0876295411465272,OH,58,2,NA,NA,NA
1.0193350961575,OH,30,1,5,3,1
0.93243329017955,OH,52,1,5,1,3
0.252864638757561,OH,68,1,5,1,1
0.289673387132327,OH,49,1,5,1,2
0.605142021067577,OH,33,1,5,1,1
1.60492039824263,OH,44,1,5,1,2
0.90401794263765,OH,55,2,NA,NA,NA
0.510652852642594,OH,59,1,5,1,2
1.18603693475292,OH,44,1,5,1,2
1.05510390121182,OH,40,1,NA,NA,3
2.37793761320053,OH,47,1,5,1,2
0.56041125062867,OH,60,1,5,3,3
0.77862227388316,OH,65,1,5,1,2
2.05127352507748,OH,47,1,5,1,3
1.05553162206282,OH,50,1,5,1,2
1.42628960228795,OH,56,1,5,1,3
0.4193871941552,OH,60,1,NA,NA,3
0.384737745241428,OH,28,1,NA,NA,3
0.741978528761247,OH,71,1,5,3,4
0.840215360859226,OH,75,1,5,1,2
0.300558382551678,OH,54,1,5,1,1
0.772226762766213,OH,56,1,4,4,3
0.900011585997883,OH,35,2,NA,NA,NA
1.07166583272968,OH,37,1,5,1,1
0.467460439776914,OH,34,1,5,3,1
0.550500801328166,OH,31,1,5,1,3
2.50514062120204,OH,53,1,5,1,1
0.526670096742042,OH,29,1,5,1,2
0.188569193011984,OH,30,1,5,1,4
1.24012981722315,OH,59,1,5,1,2
1.89238982957114,OH,28,1,5,1,3
0.789035595787596,OH,34,1,5,1,2
7.06745520166448,OH,31,1,5,1,1
1.18915640768485,OH,31,1,5,1,3
0.373962431719488,OH,31,1,NA,NA,2
0.21494305458698101,OH,49,1,5,1,3
1.37885514606849,OH,68,1,5,1,1
1.72589654781456,OH,33,1,5,1,2
1.12774772042516,OH,30,1,5,1,3
1.03600630573307,OH,59,1,5,3,2
0.248196525895004,OH,45,1,NA,NA,2
3.05427920031587,OH,30,1,5,1,2
0.394080741283474,OH,62,1,NA,NA,2
0.949087481683088,OH,71,1,5,3,3
6.19189816586169,OH,78,1,5,3,2
4.64336635552335,OH,30,1,5,1,2
7.47396642054036,OH,46,1,5,1,3
1.12779914767751,OH,66,1,5,1,2
1.76961242324199,OH,24,1,NA,NA,1
0.220850385868905,OH,34,1,5,3,2
2.06040058746214,OH,35,2,5,1,NA
0.690513623339364,OH,65,1,5,1,1
1.82810123905886,OH,26,1,5,3,2
0.394858190648707,OH,53,1,NA,NA,2
2.02864189930322,OH,35,1,5,1,2
0.746216594620598,OH,55,1,5,2,2
3.28838181745104,OH,45,1,5,1,1
0.218444080747088,OH,27,1,NA,NA,2
1.12915507858859,OH,31,2,NA,NA,NA
1.76865191453246,OH,61,2,NA,NA,NA
1.42032967517197,OH,35,1,5,1,2
0.782265499570405,OH,25,1,5,1,2
0.592085659116253,OH,34,1,5,1,1
0.897699459336735,OH,29,1,5,1,1
0.944900030943173,OH,27,1,5,1,1
1.19850237724457,OH,33,1,5,1,2
0.67212352240573,OH,65,1,5,2,2
2.75702275038352,OH,76,1,5,1,3
2.43667761681442,OH,63,1,5,3,1
0.384737745241428,OH,28,2,NA,NA,NA
0.586668890048849,OH,31,3,3,NA,NA
0.321644315713808,OH,65,1,NA,NA,2
0.173732160186353,OH,70,1,5,1,1
0.985630466513282,OH,26,1,NA,NA,1
2.14503276454782,OH,44,1,5,1,1
2.56915325849204,OH,34,1,5,1,2
3.38428269535206,OH,80,1,5,2,3
0.200640038686754,OH,69,1,5,1,3
1.35827771821808,OH,69,1,5,3,3
0.693162492304586,OH,47,1,NA,NA,2
6.33159389005642,OH,37,1,5,1,2
0.162938722816864,OH,61,1,NA,NA,2
0.87486386215128,OH,30,1,5,3,3
1.11370605087864,OH,73,1,5,3,1
0.474538248487753,OH,30,1,5,3,2
0.920412541636121,OH,81,1,5,1,2
2.74730821244933,OH,37,1,5,1,2
1.35781987334653,OH,33,1,NA,NA,3
1.18330949215224,OH,70,1,5,1,3
0.173419705885181,OH,30,1,NA,NA,2
0.784326472084978,OH,58,2,NA,NA,NA
1.46578781730111,OH,71,1,5,1,3
0.863721488901995,OH,78,2,NA,NA,NA
1.00555688056758,OH,26,1,5,1,3
2.08890724584032,OH,34,1,5,1,2
2.00040310878842,OH,24,1,5,3,3
1.21928019949953,OH,28,1,5,2,4
0.919647515136891,OH,25,1,1,NA,1
0.442373730039831,OH,58,2,NA,NA,NA
1.77940331558235,OH,74,1,5,1,3
0.350626319275177,OH,30,1,5,1,2
0.372366245156632,OH,64,1,NA,NA,3
1.26836509618344,OH,71,1,5,3,3
1.14292245686128,OH,70,1,5,2,2
1.6576092216498,OH,56,1,5,1,2
1.33866540580522,OH,78,1,5,3,3
0.0968677326746435,OH,26,1,NA,NA,3
0.93550501620655,OH,31,1,5,2,2
1.92843357558416,OH,60,1,5,1,3
1.74702643591857,OH,62,1,5,3,2
1.02139934556517,OH,31,1,5,3,1
0.904850584625221,OH,30,1,5,3,2
0.878615787311755,OH,62,1,5,1,3
0.659683001623715,OH,33,1,5,3,2
0.561155375298152,OH,28,1,5,2,2
0.607656075712649,OH,58,1,NA,NA,2
1.09384135324988,OH,66,1,5,1,3
0.508654542095952,OH,34,1,NA,NA,3
0.43183863823765,OH,32,2,5,1,NA
0.237485965653566,OH,48,1,5,2,2
1.21058149985242,OH,23,1,4,4,1
0.913360049279628,OH,66,1,5,3,2
0.746216594620598,OH,55,1,5,2,2
0.208589810612614,OH,53,2,NA,NA,NA
0.789421748354315,OH,66,2,NA,NA,NA
0.492870705031345,OH,83,1,5,1,3
0.80372229134286,OH,76,1,5,1,2
2.00525342846992,OH,75,1,5,3,3
0.965562361406283,OH,27,1,5,2,3
3.05666697751286,OH,24,2,NA,NA,NA
1.37402484676975,OH,54,1,5,2,2
1.19405667224725,OH,70,1,5,1,2
0.21697399652028,OH,69,1,NA,NA,2
0.781870352275109,OH,67,1,5,2,3
3.16522815423135,OH,34,1,5,2,2
0.147526519616521,OH,67,1,NA,NA,2
0.242441027117781,OH,63,1,NA,NA,2
1.01595576127068,OH,30,2,NA,NA,NA
1.49769003544875,OH,74,1,5,3,3
0.67212352240573,OH,61,1,5,1,2
1.05913991457149,OH,73,1,5,3,1
0.161960949531254,OH,41,1,NA,NA,2
1.60923542866834,OH,32,2,NA,NA,NA
1.69970495648464,OH,35,2,NA,NA,NA
0.475898364662644,OH,61,1,5,1,2
0.282982969193755,OH,32,1,5,1,1
0.571586831363348,OH,37,1,2,NA,1
1.05553162206282,OH,58,1,5,1,1
4.71182154431175,OH,35,1,5,2,3
0.998750371724158,OH,27,1,5,3,1
0.776251374754635,OH,32,1,5,1,1
1.23043271945385,OH,28,1,NA,NA,3
0.848241630462467,OH,33,1,5,3,2
0.305836278304797,OH,34,1,4,1,1
1.4700175096635,OH,47,1,5,1,3
0.605612539026678,OH,54,1,4,2,3
0.82431604924071,OH,60,1,5,1,3
0.0675542184574445,OH,67,1,NA,NA,2
0.674793571631359,OH,72,1,5,1,3
0.922499732576258,OH,48,1,NA,NA,1
0.902848567706346,OH,61,1,NA,NA,2
0.696975339576643,OH,55,1,NA,NA,3
0.812691168710181,OH,44,1,NA,NA,1
1.65501441455964,OH,66,1,5,3,1
0.193276053861496,OH,59,1,NA,NA,2
8.48319262871348,OH,29,1,NA,NA,1
0.528099637981551,OH,33,1,NA,NA,1
1.06609725691044,OH,62,1,5,3,3
1.38970272313032,OH,38,1,5,1,1
0.931035446878756,OH,34,1,NA,NA,3
0.22654356751393,OH,31,1,NA,NA,2
1.43608794931517,OH,57,1,5,1,3
0.295998099895373,OH,33,2,NA,NA,NA
0.619491629232524,OH,34,1,5,1,3
1.11661809635488,OH,68,1,5,1,3
2.27093931647251,OH,26,1,5,1,1
1.01938860589982,OH,46,1,NA,NA,3
2.8280440689685,OH,33,2,NA,NA,NA
2.09063842853942,OH,23,1,NA,NA,1
6.50580199392659,OH,54,1,5,1,3
0.927041504987887,OH,54,1,5,1,1
0.152706231639041,OH,32,1,5,1,1
1.8149143644256,OH,50,1,5,2,2
3.32660541428659,OH,70,1,5,1,2
0.739311041330231,OH,71,1,5,3,1
0.166901654276314,OH,57,2,NA,NA,NA
1.16627336540661,OH,61,1,5,3,3
0.86272811744957,OH,61,2,NA,NA,NA
3.86997441185801,OH,33,1,5,1,1
2.57019018786799,OH,78,1,5,1,3
0.787116590540851,OH,52,1,5,1,1
1.21292009078042,OH,70,1,5,1,2
0.66096241162138,OH,29,1,NA,NA,2
0.920412541636121,OH,71,1,5,1,2
0.942883360161822,OH,32,1,5,3,2
1.21834106101835,OH,39,1,NA,NA,2
0.217745151135746,OH,29,2,NA,NA,NA
1.96426337517301,OH,40,1,5,3,1
1.05553250369038,OH,74,1,5,3,2
4.1339983458632,OH,25,1,NA,NA,3
1.00968756579902,OH,80,1,5,1,3
1.85364910496727,OH,77,1,5,1,3
2.57019018786799,OH,84,1,5,1,1
1.11370605087864,OH,74,1,5,3,3
0.160273523542433,OH,63,1,NA,NA,2
1.49039960809081,OH,30,3,NA,NA,NA
1.08120384656048,OH,54,1,5,1,2
1.35474369871341,OH,26,1,5,1,3
0.662861754570123,OH,39,2,NA,NA,NA
0.955111565518949,OH,66,1,5,1,2
1.43581260068972,OH,75,1,5,3,3
0.794843144997772,OH,57,1,5,2,2
1.27253536931752,OH,60,1,NA,NA,3
0.099311463210708,OH,63,1,NA,NA,1
1.24112144226565,OH,57,1,1,NA,1
0.533814015677234,OH,26,3,3,NA,NA
0.212093220617098,OH,73,1,5,1,3
0.394366991237347,OH,74,1,5,1,3
0.168828511934544,OH,88,1,5,3,2
1.38281214557507,OH,45,1,5,2,2
0.349787281059762,OH,62,2,NA,NA,NA
0.297121626294097,OH,55,1,NA,NA,3
1.76457376783224,OH,68,1,5,1,3
0.796056079956429,OH,74,1,NA,NA,3
0.590622984240948,OH,85,1,5,3,2
1.14176549088893,OH,75,1,5,1,2
0.197670918802606,OH,77,1,5,2,3
1.59573499801226,OH,27,1,5,3,2
0.643794942770237,OH,32,2,5,1,NA
0.372103597683037,OH,34,1,5,1,2
0.393622114017164,OH,74,1,NA,NA,1
0.174289780857973,OH,46,1,NA,NA,2
0.173732160186353,OH,83,1,5,1,3
1.97733965804191,OH,32,1,1,NA,2
0.303212136831478,OH,32,1,NA,NA,3
0.620342008741766,OH,64,1,4,4,1
1.43581260068972,OH,83,1,5,1,3
1.15628135328029,OH,72,1,5,3,3
2.2104630829746,OH,60,1,5,2,3
0.328566202523434,OH,69,1,5,3,2
0.99140778644923,OH,40,1,NA,NA,1
0.796056079956429,OH,75,1,NA,NA,3
0.647522524387039,OH,38,1,5,1,3
0.629593961519601,OH,34,1,5,1,3
0.212093220617098,OH,76,1,5,1,3
1.05553250369038,OH,77,1,5,3,3
1.27059475894198,OH,63,1,5,1,3
2.05991331214975,OH,26,1,NA,NA,3
2.91300888805959,OH,74,2,NA,NA,NA
0.763305535589036,OH,63,1,5,3,4
1.54314887373419,OH,53,1,5,2,3
0.596123195559062,OH,68,1,NA,NA,2
0.184375217373236,OH,57,1,NA,NA,2
1.24232014784355,OH,60,1,NA,NA,2
0.566542017247323,OH,64,1,NA,NA,2
1.08120384656048,OH,63,1,5,1,1
1.85326186421061,OH,72,1,5,1,1
0.105979289835567,OH,29,2,NA,NA,NA
0.870709622044175,OH,64,1,5,3,2
0.829267271504271,OH,50,2,NA,NA,NA
0.886522137554745,OH,75,1,5,3,3
0.384737745241428,OH,30,1,NA,NA,1
0.607656075712649,OH,61,1,NA,NA,1
2.91051679341341,OH,65,1,NA,NA,3
0.392330445378998,OH,78,1,5,1,2
1.05553250369038,OH,74,1,5,3,3
1.90868663291938,OH,32,1,NA,NA,3
1.03073344340604,OH,28,1,5,1,3
2.26936675858444,OH,40,1,5,3,3
0.190347353200881,OH,66,1,5,3,3
1.71656003527813,OH,31,1,NA,NA,3
2.50745126635382,OH,51,1,5,1,3
1.08772363280501,OH,26,1,5,1,1
1.85096223809638,OH,55,1,5,1,2
2.56915325849204,OH,33,1,5,3,2
0.0970211485307103,OH,25,1,5,1,4
0.353660805544961,OH,23,1,5,2,2
0.371792199674601,OH,58,1,NA,NA,2
1.15198437388951,OH,32,1,5,3,1
1.79032570744261,OH,48,1,5,1,2
3.39538678996155,OH,26,1,5,3,2
1.21058149985242,OH,24,1,NA,NA,1
1.82467181829658,OH,72,1,5,3,3
0.913360049279628,OH,68,2,5,1,NA
1.50813218872345,OH,28,1,5,1,3
0.147526519616521,OH,68,1,NA,NA,2
0.230783948435221,OH,64,2,NA,NA,NA
0.593904855708593,OH,66,1,NA,NA,2
0.410634407760901,OH,64,1,5,3,2
0.542438589271456,OH,27,2,NA,NA,NA
0.348041189097537,OH,41,1,1,1,2
1.14823450418941,OH,24,1,NA,NA,1
8.41159343060048,OH,72,1,5,1,2
0.901792029953546,OH,74,1,NA,NA,2
1.24112144226565,OH,57,1,1,NA,1
0.372369715735813,OH,35,1,5,1,2
1.12915507858859,OH,34,1,NA,NA,2
0.798250912054024,OH,35,1,NA,NA,2
0.362159063508342,OH,51,1,NA,NA,2
0.516437523363873,OH,66,1,5,3,2
0.820269026116571,OH,33,1,NA,NA,2
0.376003858222532,OH,61,1,NA,NA,2
6.76689976460158,OH,37,1,5,4,1
0.0753101754255796,OH,58,2,NA,NA,NA
0.446162480054557,OH,81,1,5,1,1
0.0434045921438284,OH,31,2,NA,NA,NA
0.134920903407633,OH,30,1,NA,NA,1
1.07643899954354,OH,59,1,5,2,3
1.63251346702676,OH,52,1,5,NA,1
0.545629529577784,OH,77,1,NA,NA,2
0.626822582132808,OH,61,1,NA,NA,2
0.246278910509253,OH,33,2,NA,NA,NA
0.931606299678911,OH,60,1,NA,NA,2
1.6045606232767,OH,74,1,5,2,2
0.584205343171802,OH,66,1,5,1,2
0.516116409737764,OH,69,1,5,3,2
0.182661982042998,OH,23,1,NA,NA,2
0.0689692599717464,OH,61,1,NA,NA,1
0.0689692599717464,OH,51,1,NA,NA,2
0.584205343171802,OH,66,1,5,1,2
0.290247208975774,OH,69,1,NA,NA,1
2.00358365387086,OH,38,1,NA,NA,2
0.184660135896056,OH,55,2,NA,NA,NA
0.514644154721155,OH,64,1,5,1,2
0.649044619764471,OH,51,1,NA,NA,2
2.06042293203329,OH,31,1,NA,NA,3
0.98098903683246,OH,33,1,5,1,2
2.35008916771321,OH,44,1,NA,NA,2
0.654000100724247,OH,59,1,NA,NA,1
0.610731229575401,OH,63,1,5,3,2
0.938760286780924,OH,29,2,NA,NA,NA
0.168338863584459,OH,56,1,5,3,3
0.737556013006837,OH,45,1,5,1,2
0.335938102747146,OH,47,1,5,1,2
0.406211950595144,OH,50,1,5,1,2
0.669024525682563,OH,69,1,5,1,2
0.742267586725828,OH,66,1,5,1,2
0.584205343171802,OH,56,1,5,1,2
0.794843144997772,OH,69,1,5,1,1
0.518852550986448,OH,58,1,5,3,2
0.222269195602101,OH,36,1,NA,NA,2
0.124182745068859,OH,34,1,2,NA,1
0.514455613577801,OH,27,1,NA,NA,1
0.531995855052604,OH,26,1,NA,NA,1
0.77455195971615,OH,53,1,5,2,2
1.1002348822424,OH,27,1,NA,NA,2
7.09373445070145,OH,26,1,5,1,1
1.13009282784368,OH,34,1,5,1,1
0.701188765094459,OH,65,1,5,1,2
1.27264987468914,OH,57,1,5,1,3
0.141080576102553,OH,64,1,NA,NA,3
1.21068403678565,OH,54,1,5,3,2
0.211083739391388,OH,46,1,5,1,3
0.625480086653541,OH,27,1,NA,NA,2
1.056736269328,OH,66,1,5,3,2
0.286113928500349,OH,53,2,NA,NA,NA
0.662551157606714,OH,32,1,1,NA,3
0.922499732576258,OH,35,1,NA,NA,2
1.01432496597936,OH,29,1,NA,NA,2
0.420180828344536,OH,57,1,5,1,1
1.2765614225704,OH,24,1,5,1,1
0.0876295411465272,OH,58,2,NA,NA,NA
0.353843169506316,OH,34,1,NA,NA,2
1.42531750056627,OH,49,1,5,1,2
0.195652507444752,OH,62,1,5,1,3
0.420180828344536,OH,60,1,5,2,3
0.856775063408312,OH,51,1,5,1,3
0.195652507444752,OH,68,1,5,2,3
0.195652507444752,OH,65,1,5,2,3
0.250426487647732,OH,66,1,3,NA,2
0.756996644711658,OH,58,1,5,1,2
0.501136390372319,OH,65,2,NA,NA,NA
0.152438360947383,OH,60,1,5,2,3
0.606906189113398,OH,63,1,5,1,2
0.60389036518723,OH,52,1,5,1,2
0.225976075851434,OH,69,1,5,1,3
0.889106830583277,OH,58,1,NA,NA,1
0.401661928044622,OH,67,1,5,1,1
0.761238629511456,OH,62,1,5,3,1
0.225976075851434,OH,66,1,5,1,3
0.195652507444752,OH,68,1,5,3,3
0.690513623339364,OH,61,1,5,3,4
1.24232014784355,OH,57,2,NA,NA,NA
0.225976075851434,OH,69,1,5,1,1
0.832760842599679,OH,57,1,5,1,2
0.189365579715731,OH,68,1,5,2,2
0.880601873824159,OH,59,1,5,1,3
0.568319010329214,OH,68,1,NA,NA,2
0.424500129676868,OH,66,1,5,1,2
0.225976075851434,OH,50,1,5,1,3
0.16848600210831,OH,62,1,5,1,3
0.218657211258444,OH,54,1,5,1,4
0.703915120505049,OH,55,1,5,1,3
0.225976075851434,OH,65,1,5,1,3
1.12791937131944,OH,58,1,5,1,2
0.420180828344536,OH,60,1,5,1,1
0.572302467257045,OH,61,1,5,1,2
0.0607101080398012,OH,65,1,NA,NA,2
0.363797062746897,OH,53,1,5,1,3
0.988826417860524,OH,55,1,5,3,3
0.737935127456161,OH,60,1,5,1,2
0.756878529676095,OH,58,1,5,1,1
1.24918231844227,OH,58,1,5,3,3
0.510652852642594,OH,66,1,5,1,2
0.577661598011985,OH,56,1,5,2,1
0.831057370788311,OH,64,1,5,1,3
0.325237292244163,OH,52,1,5,1,2
1.19521571636347,OH,65,1,5,3,1
0.298637910573533,OH,63,1,3,NA,4
0.0875295481053674,OH,66,1,NA,NA,3
0.662469049348634,OH,65,1,5,3,2
0.989563942956596,OH,52,1,5,1,1
0.769798219278047,OH,52,1,NA,NA,1
0.722038894801462,OH,65,1,5,3,2
0.927041504987887,OH,66,1,5,2,1
0.432546758570517,OH,56,1,NA,NA,2
0.647287686065782,OH,61,1,5,3,2
0.48499629426167,OH,53,1,5,2,3
0.325207904374403,OH,62,1,NA,NA,2
0.21697399652028,OH,57,1,NA,NA,4
0.279117355990183,OH,65,1,5,3,1
0.289015561307199,OH,59,1,NA,NA,1
1.14426048447277,OH,58,1,NA,NA,2
0.33008100418677,OH,53,1,5,3,2
1.72665684657877,OH,60,2,NA,NA,NA
1.09384135324988,OH,55,1,5,1,1
0.605612539026678,OH,65,2,NA,NA,NA
0.349635714307234,OH,65,1,5,2,3
0.549656359405188,OH,67,1,5,2,2
0.711756662366182,OH,68,1,5,1,2
0.932422584276357,OH,53,1,5,1,3
0.751327882679524,OH,55,1,5,3,2
0.711756662366182,OH,67,1,5,3,2
0.931420171797988,OH,58,1,5,1,3
0.754038727738748,OH,61,1,5,3,1
0.225976075851434,OH,57,1,5,3,3
0.442339585065836,OH,56,1,5,1,3
0.718963118591709,OH,67,1,5,NA,1
0.289586421343471,OH,69,1,5,1,2
0.809658760665722,OH,62,1,5,1,1
0.572302467257045,OH,64,1,5,1,2
1.07635528889785,OH,66,1,5,2,3
1.08291248342486,OH,59,1,5,1,2
0.289239303431221,OH,67,3,1,NA,NA
0.82203895170453,OH,61,1,5,3,1
0.237548410773857,OH,50,1,5,1,1
0.375764295420002,OH,67,1,NA,NA,2
0.265896253588818,OH,69,1,5,2,1
0.114421068645349,OH,66,1,5,3,3
0.772226762766213,OH,57,1,NA,NA,3
0.826383895821681,OH,56,1,NA,NA,3
1.28898123916217,OH,63,1,5,1,3
0.510652852642594,OH,66,1,5,1,3
0.319022913425288,OH,67,1,5,2,2
0.126912682185449,OH,64,1,5,1,1
0.436109314076662,OH,61,1,4,4,3
0.143743095744697,OH,67,1,5,1,1
1.2000564139499,OH,53,1,5,1,1
1.21168450313666,OH,54,1,5,2,3
0.420180828344536,OH,68,1,5,1,1
1.41393359476852,OH,57,1,5,1,1
0.559771771926427,OH,63,1,5,2,2
1.33222827767307,OH,54,1,5,2,3
0.515527475358707,OH,58,1,5,3,2
0.378750654501241,OH,60,1,5,2,1
0.647638727087882,OH,57,1,5,1,3
1.02604309504154,OH,60,1,5,2,2
0.119572148348935,OH,68,1,5,1,3
0.82203895170453,OH,56,1,5,3,3
0.0876295411465272,OH,59,3,3,NA,NA
1.24232014784355,OH,59,1,NA,NA,2
0.622485970617735,OH,67,1,5,1,3
0.935373026290644,OH,64,1,5,1,2
0.319022913425288,OH,66,1,5,3,2
0.76243453659898,OH,50,1,5,1,1
0.114421068645349,OH,66,1,5,3,2
0.722038894801462,OH,68,1,5,3,2
0.349635714307234,OH,63,1,5,1,2
0.67445336367826,OH,57,1,NA,NA,1
1.17948489914222,OH,57,1,5,3,4
0.33403595238426,OH,59,1,5,1,3
0.684301063563454,OH,68,1,5,1,3
1.19517158919576,OH,36,2,NA,NA,NA
1.25549705821754,OH,44,2,NA,NA,NA
0.354302540184828,OH,71,2,NA,NA,NA
0.38232724898899,OH,73,2,NA,NA,NA
1.37661935813547,OH,70,2,NA,NA,NA
0.289735745572006,OH,65,3,1,NA,NA
2.71177663357036,OH,42,2,NA,NA,NA
1.06382385497908,OH,35,2,NA,NA,NA
3.45585198143904,OH,46,1,5,1,3
0.47285764913283,OH,64,1,5,3,2
